team,opponent,p_team_win_90,p_draw_90,p_team_advances,p_team_advances_if_draw,team_xg,opponent_xg,form_weight,p90_win_order_delta,p90_draw_order_delta,p90_loss_order_delta,advance_order_delta,advance_if_draw_complement_delta,home_xg_order_delta,away_xg_order_delta,forward_probability_sum_error,reverse_probability_sum_error,forward_penalty_neutrality_error,reverse_penalty_neutrality_error
Argentina,Algeria,0.7622821536622275,0.14774866767985864,0.8627604831171272,0.6800625077216658,2.6152266559565867,0.7117585314847503,0.3419491276044642,2.220446049250313e-16,2.7755575615628914e-17,0.0,2.220446049250313e-16,0.0,0.0,0.0,2.220446049250313e-16,0.0,0.0,0.0
Argentina,Australia,0.7780487949171923,0.14609655826754525,0.8757443532357763,0.6687054060484785,2.2774559485243553,0.575464874098521,0.34087319350220974,0.0,2.7755575615628914e-17,5.551115123125783e-17,0.0,0.0,0.0,0.0,0.0,0.0,0.0,0.0
Argentina,Austria,0.7078676331079361,0.20273997958987194,0.8406280727959433,0.6548310794771302,2.3926036717827484,0.7858897847584567,0.3418212017845238,1.1102230246251565e-16,2.7755575615628914e-17,0.0,1.1102230246251565e-16,0.0,0.0,0.0,0.0,0.0,0.0,0.0
Argentina,Belgium,0.6427548670397433,0.2381474757721385,0.7875148337673199,0.6078584971695615,1.9777933193968988,0.8972994742461109,0.3379391505740364,0.0,0.0,2.7755575615628914e-17,1.1102230246251565e-16,2.220446049250313e-16,0.0,0.0,0.0,0.0,0.0,0.0
Argentina,Bosnia and Herzegovina,0.8747521513023381,0.09447023440794093,0.9440409462094236,0.7334457815345616,2.933928783947107,0.42537781337369834,0.33478281262915977,1.1102230246251565e-16,1.3877787807814457e-17,6.938893903907228e-17,1.1102230246251565e-16,2.220446049250313e-16,0.0,0.0,0.0,0.0,0.0,0.0
Argentina,Brazil,0.4725888536208591,0.2962573546289561,0.6326220273569109,0.5401829565935448,1.572377355662031,1.1767513569732395,0.33946583320392415,0.0,5.551115123125783e-17,0.0,0.0,0.0,0.0,0.0,0.0,0.0,0.0,0.0
Argentina,Canada,0.7585837169103611,0.15886697009560224,0.8659129366482656,0.6755917839517958,2.4260725780944457,0.6193534141615887,0.3366496742351138,0.0,0.0,1.3877787807814457e-17,1.1102230246251565e-16,2.220446049250313e-16,0.0,0.0,0.0,0.0,0.0,0.0
Argentina,Cape Verde Islands,0.8623641587301711,0.09290876597719754,0.9295322479756984,0.7229467374694472,2.5254743109067896,0.26328788830452016,0.33442673992876704,0.0,1.3877787807814457e-17,1.3877787807814457e-17,0.0,0.0,0.0,0.0,0.0,0.0,0.0,0.0
Argentina,Colombia,0.47953916230849597,0.29423028835745,0.6509191622477607,0.582468925602456,1.7588138429435427,0.9479911774622733,0.33874542174370637,0.0,0.0,8.326672684688674e-17,0.0,2.220446049250313e-16,0.0,0.0,0.0,0.0,0.0,0.0
Argentina,Congo DR,0.8182205942325145,0.1287872383161213,0.9074926456765738,0.6931746701869022,2.510855758926366,0.5187871460536885,0.33882277799467597,0.0,2.7755575615628914e-17,9.020562075079397e-17,1.1102230246251565e-16,0.0,0.0,0.0,0.0,1.1102230246251565e-16,0.0,0.0
Argentina,Croatia,0.5689233339712948,0.2677764073322085,0.7339798925359142,0.6163969417957242,2.110098611293146,0.9251053573548611,0.3419417172719039,0.0,0.0,5.551115123125783e-17,0.0,0.0,0.0,0.0,0.0,0.0,0.0,0.0
Argentina,Côte d'Ivoire,0.7831612805267103,0.1323906755088976,0.8716471232560135,0.6683691460079924,2.3367407381521406,0.6210771848001925,0.3456319320940648,1.1102230246251565e-16,0.0,5.551115123125783e-17,0.0,0.0,0.0,0.0,0.0,0.0,0.0,0.0
Argentina,Ecuador,0.5547459461835647,0.2793609481135395,0.7284163419347894,0.6216702689620048,1.8233013813789865,0.6495414790953304,0.34331282085760717,0.0,5.551115123125783e-17,5.551115123125783e-17,1.1102230246251565e-16,2.220446049250313e-16,0.0,0.0,0.0,0.0,0.0,0.0
Argentina,Egypt,0.7854025057393365,0.13104194972467567,0.8748129014320545,0.6823036125498194,2.5036724229786187,0.6127323338242155,0.3441758319625162,1.1102230246251565e-16,0.0,2.7755575615628914e-17,1.1102230246251565e-16,0.0,0.0,0.0,0.0,0.0,0.0,0.0
Argentina,England,0.4333880290445702,0.29213538314787063,0.58937829795628,0.5339656813592893,1.6044401563177129,1.2662089122521034,0.33793334782444323,0.0,0.0,5.551115123125783e-17,2.220446049250313e-16,2.220446049250313e-16,0.0,0.0,0.0,0.0,0.0,0.0
Argentina,France,0.4070179272341099,0.28806334797451194,0.5523072537701526,0.5043658888144908,1.5038775139620357,1.460045088597017,0.3329971343176044,5.551115123125783e-17,5.551115123125783e-17,1.1102230246251565e-16,1.1102230246251565e-16,0.0,0.0,0.0,0.0,2.220446049250313e-16,0.0,0.0
Argentina,Germany,0.5779024687910247,0.2562605213809631,0.7263211344109565,0.5791710124529441,2.0334933639088626,1.2148304954966052,0.34114024177749774,1.1102230246251565e-16,5.551115123125783e-17,5.551115123125783e-17,0.0,0.0,0.0,0.0,0.0,0.0,0.0,0.0
Argentina,Ghana,0.8658971627675732,0.08521628928609842,0.9251643854839,0.6954917095409744,2.441124323651733,0.45060480350833076,0.3415465614924166,1.1102230246251565e-16,0.0,5.551115123125783e-17,1.1102230246251565e-16,0.0,0.0,0.0,0.0,0.0,0.0,0.0
Argentina,Japan,0.6347190561852177,0.2275535262801198,0.7740453218986199,0.6122790887533454,2.0787086948570273,0.9381798181321345,0.3428339138245136,0.0,2.7755575615628914e-17,5.551115123125783e-17,0.0,0.0,0.0,0.0,0.0,0.0,0.0,0.0
Argentina,Mexico,0.6811114321884677,0.20390420248308322,0.806584994426774,0.6153554498157837,1.9277453200795371,0.7886530183718674,0.3396525138708162,0.0,2.7755575615628914e-17,6.938893903907228e-17,0.0,2.220446049250313e-16,0.0,0.0,2.220446049250313e-16,0.0,0.0,0.0
Argentina,Morocco,0.6353690575804765,0.2278855973721749,0.7771188349450796,0.6220216591095148,2.091426863129051,0.8582111408703422,0.3430986739895363,0.0,0.0,2.7755575615628914e-17,0.0,0.0,0.0,0.0,0.0,0.0,0.0,0.0
Argentina,Netherlands,0.5123390436014392,0.28213963943207077,0.6711526893490457,0.562890227219714,1.9080271019759767,1.2630761561539214,0.339035364057483,1.1102230246251565e-16,0.0,2.7755575615628914e-17,1.1102230246251565e-16,2.220446049250313e-16,0.0,0.0,0.0,0.0,0.0,0.0
Argentina,Norway,0.6098395296015107,0.2441471884488805,0.762687807262382,0.6260497146493849,2.2579884446872907,0.9521249085635265,0.3383244949916336,0.0,0.0,2.7755575615628914e-17,1.1102230246251565e-16,2.220446049250313e-16,0.0,0.0,0.0,0.0,0.0,0.0
Argentina,Paraguay,0.65124158472296,0.24864614711832686,0.814425304042641,0.6562889520344122,2.1337988729980464,0.5814797985018285,0.3366619140674506,0.0,0.0,8.326672684688674e-17,0.0,0.0,0.0,0.0,0.0,0.0,0.0,0.0
Argentina,Portugal,0.48127260759644697,0.2896555982143254,0.643643721184404,0.5605661157213799,1.7875331290464718,1.1781846778193896,0.3374259001559986,5.551115123125783e-17,0.0,5.551115123125783e-17,1.1102230246251565e-16,0.0,0.0,0.0,0.0,0.0,0.0,0.0
Argentina,Senegal,0.6931321435146953,0.1935289061214244,0.8180855473041319,0.6456575727815974,2.37793725054129,0.860464207883033,0.3409692605758956,0.0,0.0,2.7755575615628914e-17,1.1102230246251565e-16,0.0,0.0,0.0,0.0,0.0,0.0,0.0
Argentina,South Africa,0.8435936193630553,0.10417300560659042,0.9200226329324268,0.7336738834051297,2.7058799796886657,0.28140075857534563,0.334250765616684,0.0,0.0,4.85722573273506e-17,0.0,1.1102230246251565e-16,0.0,0.0,0.0,0.0,0.0,0.0
Argentina,Spain,0.3117311805153944,0.2979522588902645,0.4579189814386464,0.4906416936315049,1.2604904035537157,1.351338639818298,0.33352150541971476,1.1102230246251565e-16,0.0,1.1102230246251565e-16,1.1102230246251565e-16,2.220446049250313e-16,2.220446049250313e-16,0.0,0.0,0.0,0.0,0.0
Argentina,Sweden,0.7855389351027438,0.14679237632253772,0.8841994848015244,0.6721094934930407,2.6376875582712422,0.8026167015834542,0.34159976219709004,1.1102230246251565e-16,0.0,2.7755575615628914e-17,0.0,0.0,0.0,0.0,0.0,0.0,0.0,0.0
Argentina,Switzerland,0.6182775670623369,0.24015273776974613,0.7683897963275184,0.6250698228937375,2.1006947950239545,0.8375198538792118,0.33235039005094524,0.0,2.7755575615628914e-17,0.0,1.1102230246251565e-16,0.0,0.0,0.0,0.0,0.0,0.0,0.0
Argentina,USA,0.7691399688225412,0.14601959230141115,0.865755470702832,0.6616612220150482,2.4184827978566097,0.7416670089792035,0.33860607740455606,0.0,0.0,2.7755575615628914e-17,0.0,2.220446049250313e-16,0.0,0.0,0.0,0.0,0.0,0.0
Belgium,Algeria,0.47960759055096597,0.2824829890558959,0.6423283023274463,0.5760372060644054,1.8679523131716553,1.1017985755059787,0.3456838035877296,1.1102230246251565e-16,0.0,5.551115123125783e-17,1.1102230246251565e-16,1.1102230246251565e-16,0.0,0.0,0.0,0.0,0.0,0.0
Belgium,Argentina,0.11909765718811824,0.2381474757721385,0.21248516623268002,0.3921415028304383,0.8972994742461109,1.9777933193968988,0.3379391505740364,2.7755575615628914e-17,0.0,0.0,8.326672684688674e-17,2.220446049250313e-16,0.0,0.0,0.0,0.0,0.0,0.0
Belgium,Australia,0.47356612010716653,0.28645944863012296,0.6374979067539821,0.5722687362234108,1.635853779404054,0.9352593185054102,0.3446078694854751,0.0,5.551115123125783e-17,5.551115123125783e-17,0.0,1.1102230246251565e-16,0.0,0.0,0.0,0.0,0.0,0.0
Belgium,Austria,0.4202277967576142,0.28918968209183094,0.5778702043345124,0.5451176765249861,1.6277763214562886,1.1809246610742157,0.3455558777677892,0.0,0.0,0.0,1.1102230246251565e-16,0.0,0.0,0.0,0.0,0.0,0.0,0.0
Belgium,Bosnia and Herzegovina,0.662298535407184,0.23342925766942202,0.8135654035263301,0.6480201737751627,2.1609526905925707,0.675392959994872,0.3385174886124252,0.0,0.0,0.0,0.0,0.0,0.0,0.0,0.0,0.0,0.0,0.0
Belgium,Brazil,0.25084329556305945,0.2891800118687943,0.3790282503436395,0.44327045272665544,1.1139312310617235,1.6750773829960122,0.34320050918718953,0.0,0.0,0.0,0.0,2.220446049250313e-16,2.220446049250313e-16,0.0,0.0,0.0,0.0,0.0
Belgium,Canada,0.4822660529229103,0.28252018514066163,0.6442677719397667,0.5734164407976682,1.7520546624084115,1.0258016908136585,0.3403843502183792,0.0,5.551115123125783e-17,8.326672684688674e-17,0.0,2.220446049250313e-16,0.0,0.0,1.1102230246251565e-16,0.0,0.0,0.0
Belgium,Cape Verde Islands,0.6819352486973747,0.19639849245505608,0.8096803386536968,0.6504382409429917,1.9404536795616518,0.48958020770173283,0.33816141591203247,0.0,0.0,6.938893903907228e-17,1.1102230246251565e-16,0.0,0.0,0.0,0.0,0.0,0.0,0.0
Belgium,Colombia,0.23181845695503223,0.2779171219327457,0.36393637106177734,0.47538601863730023,1.2427935199036229,1.4844985416585554,0.34248009772697174,5.551115123125783e-17,0.0,1.1102230246251565e-16,1.1102230246251565e-16,0.0,0.0,0.0,0.0,0.0,0.0,0.0
Belgium,Congo DR,0.6414054497869197,0.2198108850362074,0.7759009141150774,0.611868990500646,1.874053231649726,0.7768873603332154,0.34255745397794135,1.1102230246251565e-16,0.0,5.551115123125783e-17,1.1102230246251565e-16,2.220446049250313e-16,0.0,0.0,0.0,0.0,0.0,0.0
Belgium,Croatia,0.2962888242120726,0.29695605625992916,0.4468898065993152,0.5071490518968228,1.4102786350796481,1.3399412333169995,0.34567639325516936,0.0,0.0,5.551115123125783e-17,1.1102230246251565e-16,0.0,0.0,0.0,0.0,0.0,0.0,0.0
Belgium,Côte d'Ivoire,0.5734682340262386,0.24456438415714649,0.7162081299620008,0.5836495629880585,1.7210319339808038,0.9049752516952362,0.34936660807733017,0.0,0.0,5.551115123125783e-17,1.1102230246251565e-16,2.220446049250313e-16,0.0,0.0,0.0,0.0,0.0,0.0
Belgium,Ecuador,0.3089163497842029,0.28193208488589433,0.45719275873137194,0.5259295301816413,1.3170067596034587,1.070756752096333,0.3470474968408726,0.0,0.0,5.551115123125783e-17,5.551115123125783e-17,0.0,0.0,0.0,0.0,0.0,0.0,0.0
Belgium,Egypt,0.5794392570509936,0.2436593226633036,0.7247528285504138,0.5963801011637023,1.8629431813575026,0.9081924889838175,0.34791050794578166,0.0,0.0,2.7755575615628914e-17,1.1102230246251565e-16,0.0,0.0,0.0,0.0,0.0,0.0,0.0
Belgium,England,0.21494231004331066,0.2728683907156286,0.33384576622228035,0.4357538660565694,1.0548963247030179,1.687875964935349,0.3416680238077086,0.0,0.0,0.0,0.0,0.0,0.0,0.0,0.0,1.1102230246251565e-16,0.0,0.0
Belgium,France,0.14795190413665793,0.2759812662673252,0.25669708227685417,0.3940310138111397,0.9161236154409789,1.979536083835764,0.33673181030086985,5.551115123125783e-17,5.551115123125783e-17,1.1102230246251565e-16,1.1102230246251565e-16,1.1102230246251565e-16,0.0,0.0,0.0,0.0,0.0,0.0
Belgium,Germany,0.2863615488974621,0.2947707882589855,0.4227791454893692,0.4627921151808659,1.3100533396782839,1.6849673030021783,0.3448749177607632,0.0,0.0,5.551115123125783e-17,5.551115123125783e-17,2.220446049250313e-16,0.0,0.0,0.0,0.0,0.0,0.0
Belgium,Ghana,0.6714179562986899,0.19123274354692407,0.7898145527904933,0.6191230345589406,1.8544071998414084,0.6965691345514957,0.34528123747568196,1.1102230246251565e-16,2.7755575615628914e-17,2.7755575615628914e-17,1.1102230246251565e-16,1.1102230246251565e-16,0.0,0.0,0.0,0.0,0.0,0.0
Belgium,Japan,0.35786888168069525,0.2964787554567062,0.5075193876878283,0.5047596269641856,1.434024966405542,1.3868795193692844,0.346568589807779,1.1102230246251565e-16,5.551115123125783e-17,5.551115123125783e-17,0.0,2.220446049250313e-16,0.0,0.0,0.0,2.220446049250313e-16,0.0,0.0
Belgium,Mexico,0.42871313615763396,0.29092706351687453,0.5805645839659216,0.5219571048929927,1.3862371098296544,1.1741149382804426,0.34338718985408156,5.551115123125783e-17,5.551115123125783e-17,5.551115123125783e-17,0.0,0.0,0.0,0.0,0.0,0.0,0.0,0.0
Belgium,Morocco,0.3684161245775674,0.27521889688238094,0.5103317603101969,0.5156464085141632,1.4537996610710349,1.2997940097416567,0.3468333499728017,0.0,0.0,0.0,0.0,0.0,0.0,0.0,0.0,0.0,0.0,0.0
Belgium,Netherlands,0.26511724835034495,0.2944603764663452,0.39869578013459483,0.4536383923271828,1.2631516802501643,1.7304277053281132,0.3427700400407484,0.0,0.0,0.0,0.0,0.0,0.0,0.0,0.0,0.0,0.0,0.0
Belgium,Norway,0.3599700786041539,0.28964870339944887,0.5096035514664496,0.516603289108942,1.555975596184937,1.38954686374526,0.342059170974899,0.0,0.0,0.0,0.0,0.0,0.0,0.0,0.0,0.0,0.0,0.0
Belgium,Paraguay,0.4563948631368216,0.2757009756644087,0.6139680954103044,0.5715367234147386,1.6178517176358198,0.9262405625544141,0.34039659005071604,0.0,0.0,0.0,2.220446049250313e-16,0.0,0.0,0.0,0.0,0.0,0.0,0.0
Belgium,Portugal,0.251616640710173,0.29583739990730584,0.3871119416508551,0.4580059890437673,1.1930055605817305,1.6085785696049266,0.341160576139264,5.551115123125783e-17,0.0,5.551115123125783e-17,5.551115123125783e-17,0.0,0.0,0.0,0.0,0.0,0.0,0.0
Belgium,Senegal,0.390385138217179,0.2856524436263968,0.5414740665298106,0.5289257336451842,1.652405552822826,1.3605428417821135,0.344703936559161,5.551115123125783e-17,0.0,5.551115123125783e-17,0.0,0.0,0.0,0.0,0.0,0.0,0.0,0.0
Belgium,South Africa,0.6831334332800001,0.18654071319331433,0.8064252618174669,0.6609379069420517,2.088135525610113,0.5072276582219942,0.33798544159994937,0.0,0.0,0.0,1.1102230246251565e-16,0.0,0.0,0.0,0.0,0.0,0.0,0.0
Belgium,Spain,0.11242051876682851,0.22130571438212107,0.20016309906394736,0.39647679474564623,0.777955392318756,1.7833996756805648,0.33725618140298014,4.163336342344337e-17,5.551115123125783e-17,0.0,1.1102230246251565e-16,1.1102230246251565e-16,0.0,0.0,0.0,0.0,0.0,0.0
Belgium,Sweden,0.5306546700603231,0.2770739363639594,0.6887609241316339,0.5706283894693918,1.849651849672544,1.1371629298577604,0.3453344381803555,0.0,0.0,0.0,0.0,0.0,0.0,0.0,0.0,0.0,0.0,0.0
Belgium,Switzerland,0.3616985997772436,0.2973378529284265,0.5168220335215157,0.5217076541600392,1.4410704453960068,1.2290945878655843,0.3360850660342106,5.551115123125783e-17,0.0,0.0,1.1102230246251565e-16,0.0,0.0,0.0,0.0,0.0,0.0,0.0
Belgium,USA,0.483588537142,0.29462029968745157,0.6478883370769724,0.557666257583982,1.7308010355457764,1.1550743546094764,0.34234075338782144,5.551115123125783e-17,5.551115123125783e-17,2.7755575615628914e-17,1.1102230246251565e-16,0.0,0.0,0.0,0.0,0.0,0.0,0.0
Brazil,Algeria,0.6719728576484834,0.21210897750944396,0.8090294620459779,0.6461612610969864,2.3445072355659757,0.8304959636769177,0.3472104862176173,1.1102230246251565e-16,2.7755575615628914e-17,1.3877787807814457e-17,0.0,0.0,0.0,0.0,2.220446049250313e-16,0.0,0.0,0.0
Brazil,Argentina,0.23115379175018477,0.29625735462895614,0.36737797264308913,0.45981704340645535,1.1767513569732395,1.572377355662031,0.3394658332039241,0.0,5.551115123125783e-17,0.0,0.0,0.0,0.0,0.0,0.0,0.0,0.0,0.0
Brazil,Australia,0.6295339185678511,0.24416193006016884,0.783422375041894,0.630272116689609,2.010186141816619,0.7196128756008143,0.3461345521153628,0.0,2.7755575615628914e-17,8.326672684688674e-17,1.1102230246251565e-16,0.0,0.0,0.0,0.0,0.0,0.0,0.0
Brazil,Austria,0.5528998092301076,0.2722523797820397,0.7186370083647983,0.6087630869099356,2.085018940781691,0.9761101963233351,0.34708256039767693,0.0,0.0,2.7755575615628914e-17,1.1102230246251565e-16,0.0,0.0,0.0,0.0,0.0,0.0,0.0
Brazil,Belgium,0.4599766925681463,0.2891800118687943,0.6209717496563605,0.5567295472733443,1.6750773829960122,1.1139312310617233,0.34320050918718953,0.0,0.0,0.0,0.0,2.220446049250313e-16,0.0,2.220446049250313e-16,0.0,0.0,0.0,0.0
Brazil,Bosnia and Herzegovina,0.7621135615446752,0.17222589908781072,0.8825744212474238,0.699435220491029,2.6603994232509836,0.563003683181752,0.3400441712423129,0.0,0.0,1.3877787807814457e-17,0.0,0.0,0.0,0.0,0.0,0.0,0.0,0.0
Brazil,Canada,0.6280499148393719,0.23285643138243106,0.7757666738717154,0.634368388089489,2.1456158323597565,0.7874082018821635,0.34191103284826685,0.0,0.0,2.7755575615628914e-17,0.0,2.220446049250313e-16,0.0,0.0,0.0,0.0,0.0,0.0
Brazil,Cape Verde Islands,0.7944099971112014,0.13933938676335586,0.8914874772470203,0.6966980578197055,2.3145205781254083,0.3545046876819953,0.33968809854192017,0.0,0.0,4.163336342344337e-17,1.1102230246251565e-16,0.0,0.0,0.0,0.0,0.0,0.0,0.0
Brazil,Colombia,0.38058318910269007,0.2933271375057258,0.540449318575004,0.5450096804261534,1.5607778770621692,1.120434824348704,0.3440067803568595,5.551115123125783e-17,0.0,5.551115123125783e-17,1.1102230246251565e-16,0.0,0.0,0.0,0.0,0.0,0.0,0.0
Brazil,Congo DR,0.781638336720416,0.14229146795297287,0.8762663499992306,0.6650294261500551,2.2594600000488803,0.5953772535440952,0.34408413660782905,0.0,0.0,2.7755575615628914e-17,0.0,0.0,0.0,0.0,0.0,0.0,0.0,0.0
Brazil,Croatia,0.4352566786934909,0.28378208487149853,0.5973733922072949,0.5712718390493652,1.8300216339409188,1.1138911000943426,0.34720307588505706,0.0,5.551115123125783e-17,0.0,0.0,0.0,4.440892098500626e-16,2.220446049250313e-16,0.0,0.0,0.0,0.0
Brazil,Côte d'Ivoire,0.743114043369143,0.16303241723887538,0.847819073079249,0.6422344186720363,2.113374889270997,0.6915071682093831,0.35089329070721786,0.0,0.0,0.0,0.0,2.220446049250313e-16,0.0,0.0,0.0,0.0,0.0,0.0
Brazil,Ecuador,0.44854134773140075,0.29593415864350164,0.6220212413693201,0.5862111168008242,1.6170172194907781,0.7936196696873284,0.34857417947076025,5.551115123125783e-17,5.551115123125783e-17,5.551115123125783e-17,1.1102230246251565e-16,0.0,0.0,0.0,0.0,2.220446049250313e-16,0.0,0.0
Brazil,Egypt,0.7368465537402927,0.16513214455236117,0.8448800916531553,0.6542247616641748,2.2646232216938875,0.6965841621860416,0.34943719057566935,0.0,0.0,1.3877787807814457e-17,1.1102230246251565e-16,0.0,0.0,0.0,0.0,0.0,0.0,0.0
Brazil,England,0.317687911336326,0.28596938590604093,0.45871994810522865,0.493171799918613,1.3989949330389881,1.4669205502074547,0.3431947064375963,5.551115123125783e-17,5.551115123125783e-17,5.551115123125783e-17,0.0,0.0,0.0,0.0,0.0,0.0,0.0,0.0
Brazil,France,0.2510227604140585,0.2852823041907404,0.3801535738041006,0.452642212619346,1.2436338604153248,1.719624540929513,0.3382584929307575,5.551115123125783e-17,5.551115123125783e-17,1.1102230246251565e-16,5.551115123125783e-17,1.1102230246251565e-16,0.0,0.0,2.220446049250313e-16,0.0,0.0,0.0
Brazil,Germany,0.4427632606873615,0.29133988400355926,0.5983940796053077,0.5341898842660515,1.7642923194315632,1.4139706807516674,0.3464016003906509,0.0,0.0,5.551115123125783e-17,1.1102230246251565e-16,0.0,0.0,0.0,0.0,0.0,0.0,0.0
Brazil,Ghana,0.7802990623396686,0.15036985025617647,0.8807067877944631,0.6677384148732982,2.2307416751635443,0.5505282793032812,0.3468079201055697,0.0,0.0,0.0,0.0,0.0,0.0,0.0,0.0,0.0,0.0,0.0
Brazil,Japan,0.5033275462765785,0.2875138702601878,0.6674507503745223,0.5708357789814427,1.8283267131710086,1.1165375173381464,0.34809527243766675,0.0,0.0,2.7755575615628914e-17,0.0,1.1102230246251565e-16,0.0,2.220446049250313e-16,0.0,0.0,0.0,0.0
Brazil,Mexico,0.524252829681737,0.26483726595621454,0.6755601868988548,0.5713220028564008,1.6742998381533145,0.977438678694328,0.3449138724839693,1.1102230246251565e-16,5.551115123125783e-17,0.0,0.0,0.0,0.0,0.0,0.0,0.0,0.0,0.0
Brazil,Morocco,0.543429417743802,0.26085553625292335,0.6964110775753585,0.5864612345556148,1.865882967511494,1.0022322473543674,0.34836003260268933,0.0,0.0,0.0,1.1102230246251565e-16,0.0,0.0,0.0,0.0,0.0,0.0,0.0
Brazil,Netherlands,0.3990556665600523,0.2829828169300512,0.5459242210172758,0.5190016696085368,1.6612970862420635,1.467559050209542,0.3442967226706361,0.0,0.0,5.551115123125783e-17,1.1102230246251565e-16,1.1102230246251565e-16,0.0,0.0,0.0,0.0,0.0,0.0
Brazil,Norway,0.460515257053084,0.29219945283127857,0.6292186109985544,0.577356844137839,1.9558667295543457,1.1653025786589732,0.34358585360478666,5.551115123125783e-17,5.551115123125783e-17,8.326672684688674e-17,1.1102230246251565e-16,1.1102230246251565e-16,0.0,0.0,0.0,0.0,0.0,0.0
Brazil,Paraguay,0.5281661300456102,0.2917087257798627,0.7083730241735104,0.6177631253440563,1.8824066617854758,0.7308893180525975,0.34192327268060374,0.0,0.0,2.7755575615628914e-17,0.0,1.1102230246251565e-16,2.220446049250313e-16,1.1102230246251565e-16,0.0,0.0,0.0,0.0
Brazil,Portugal,0.3761361495190042,0.2956306079225233,0.5299942580116134,0.5204403886790069,1.563756102206369,1.3592812583252725,0.3426872587691516,5.551115123125783e-17,5.551115123125783e-17,1.1102230246251565e-16,0.0,1.1102230246251565e-16,0.0,0.0,2.220446049250313e-16,0.0,0.0,0.0
Brazil,Senegal,0.5824236157781915,0.24142528290592552,0.7284747014479218,0.6049535653920761,2.1122618189887175,1.0342041449822994,0.3462306191890487,1.1102230246251565e-16,0.0,5.551115123125783e-17,1.1102230246251565e-16,0.0,0.0,0.0,0.0,0.0,0.0,0.0
Brazil,South Africa,0.791282750206123,0.13391682399519533,0.8859886395807957,0.7071993387333502,2.476809260825407,0.3705032952378307,0.33951212422983706,0.0,0.0,1.3877787807814457e-17,2.220446049250313e-16,4.440892098500626e-16,0.0,0.0,0.0,0.0,0.0,0.0
Brazil,Spain,0.222675203258013,0.26791367840268476,0.34458866505652014,0.45504754563246463,1.0943761210135332,1.5318069648718886,0.33878286403286784,5.551115123125783e-17,0.0,0.0,5.551115123125783e-17,0.0,0.0,0.0,0.0,0.0,0.0,0.0
Brazil,Sweden,0.7083913422950618,0.19669990925348738,0.834107973114288,0.6391290738076291,2.3696318783038177,0.9155292148835147,0.3468611208102432,0.0,2.7755575615628914e-17,2.7755575615628914e-17,2.220446049250313e-16,0.0,0.0,0.0,0.0,0.0,0.0,0.0
Brazil,Switzerland,0.472763494837208,0.2880148294606136,0.6397940705692631,0.579937415184022,1.8248969492631324,1.028023177996324,0.3376117486640983,5.551115123125783e-17,5.551115123125783e-17,5.551115123125783e-17,1.1102230246251565e-16,0.0,0.0,0.0,0.0,0.0,0.0,0.0
Brazil,USA,0.6208041656883523,0.23841734097878103,0.7680461025943417,0.6175806520679796,2.1185413428467705,0.9208476250850232,0.3438674360177092,0.0,5.551115123125783e-17,2.7755575615628914e-17,0.0,2.220446049250313e-16,0.0,0.0,0.0,0.0,0.0,0.0
Colombia,Algeria,0.6622697629701096,0.21707642177540337,0.794579218137687,0.6095063392212643,2.095362281021425,0.9775533502628201,0.34649007475739957,0.0,0.0,0.0,0.0,0.0,0.0,0.0,0.0,0.0,0.0,0.0
Colombia,Argentina,0.22623054933405407,0.29423028835745,0.3490808377522393,0.4175310743975438,0.9479911774622733,1.7588138429435427,0.33874542174370637,8.326672684688674e-17,0.0,0.0,0.0,2.220446049250313e-16,0.0,0.0,0.0,0.0,0.0,0.0
Colombia,Australia,0.6293304533062939,0.23297347733069207,0.7686550693067882,0.5980277995453158,1.807021669591193,0.8467896486995384,0.3454141406551451,1.1102230246251565e-16,0.0,2.7755575615628914e-17,1.1102230246251565e-16,2.220446049250313e-16,0.0,0.0,1.1102230246251565e-16,0.0,0.0,0.0
Colombia,Austria,0.5849358519352765,0.2532343656297536,0.7309973016944007,0.5767836817719925,1.8739672898764541,1.0999432918436047,0.3463621489374591,1.1102230246251565e-16,1.1102230246251565e-16,2.7755575615628914e-17,1.1102230246251565e-16,2.220446049250313e-16,0.0,0.0,1.1102230246251565e-16,0.0,0.0,0.0
Colombia,Belgium,0.49026442111222196,0.2779171219327457,0.6360636289382225,0.5246139813626998,1.4844985416585554,1.2427935199036229,0.3424800977269718,1.1102230246251565e-16,0.0,5.551115123125783e-17,1.1102230246251565e-16,0.0,0.0,0.0,0.0,0.0,0.0,0.0
Colombia,Bosnia and Herzegovina,0.7850784529474801,0.1517037782730129,0.8869475838862673,0.6715002889081566,2.4399914977888932,0.6666382179573149,0.3393237597820951,0.0,0.0,2.7755575615628914e-17,1.1102230246251565e-16,2.220446049250313e-16,0.0,0.0,2.220446049250313e-16,1.1102230246251565e-16,0.0,0.0
Colombia,Brazil,0.3260896733915842,0.2933271375057258,0.45955068142499605,0.4549903195738467,1.120434824348704,1.5607778770621692,0.34400678035685944,5.551115123125783e-17,0.0,5.551115123125783e-17,5.551115123125783e-17,0.0,0.0,0.0,0.0,0.0,0.0,0.0
Colombia,Canada,0.603080606674279,0.23277148950371349,0.7414134646904755,0.5942860885202593,1.897700840359556,0.9564340810307044,0.3411906213880491,0.0,8.326672684688674e-17,0.0,1.1102230246251565e-16,0.0,0.0,1.1102230246251565e-16,2.220446049250313e-16,0.0,0.0,0.0
Colombia,Cape Verde Islands,0.7888148662934343,0.13647846518944434,0.88017676274211,0.6694235337557255,2.1252049940903546,0.460112651825661,0.33896768708170244,0.0,0.0,2.7755575615628914e-17,0.0,2.220446049250313e-16,0.0,0.0,2.220446049250313e-16,1.1102230246251565e-16,0.0,0.0
Colombia,Congo DR,0.775607336941918,0.1414630860036254,0.8652701529477882,0.6338248269486529,2.0558674179722605,0.7230873706883547,0.34336372514761127,1.1102230246251565e-16,8.326672684688674e-17,4.163336342344337e-17,1.1102230246251565e-16,0.0,0.0,0.0,2.220446049250313e-16,0.0,0.0,0.0
Colombia,Croatia,0.38777178198267964,0.29344268693861864,0.5411748114219781,0.5227699863291764,1.541049755049036,1.314700483253614,0.3464826644248393,5.551115123125783e-17,0.0,5.551115123125783e-17,1.1102230246251565e-16,0.0,2.220446049250313e-16,2.220446049250313e-16,0.0,0.0,0.0,0.0
Colombia,Côte d'Ivoire,0.7341337908448156,0.16362692845211052,0.8338794477548392,0.6095919409696473,1.9077442195164251,0.8246249781274972,0.35017287924700014,0.0,0.0,2.7755575615628914e-17,1.1102230246251565e-16,0.0,0.0,0.0,2.220446049250313e-16,0.0,0.0,0.0
Colombia,Ecuador,0.42788230490713247,0.2992104873030615,0.5918651149207862,0.5480516792433159,1.386686060283721,0.9331107898509688,0.3478537680105425,5.551115123125783e-17,5.551115123125783e-17,5.551115123125783e-17,0.0,1.1102230246251565e-16,0.0,0.0,0.0,0.0,0.0,0.0
Colombia,Egypt,0.7320996365362724,0.16364300655834596,0.8338063043656142,0.6215155170293138,2.049708183995234,0.8298329956862971,0.34871677911545157,0.0,0.0,0.0,1.1102230246251565e-16,0.0,0.0,0.0,0.0,0.0,0.0,0.0
Colombia,England,0.2881088490323265,0.2954067154571926,0.4202322365055809,0.447259254986031,1.1384195915550837,1.6604855283654296,0.3424742949773786,1.1102230246251565e-16,5.551115123125783e-17,5.551115123125783e-17,1.6653345369377348e-16,0.0,0.0,0.0,2.220446049250313e-16,0.0,0.0,0.0
Colombia,France,0.26729870826654223,0.2914829095538814,0.3880558156786226,0.4142853781612814,1.0318205798162872,1.8925253344543913,0.33753808147053976,5.551115123125783e-17,0.0,1.1102230246251565e-16,1.1102230246251565e-16,0.0,0.0,0.0,0.0,0.0,0.0,0.0
Colombia,Germany,0.40859593147274853,0.2850316410112967,0.5465943420277132,0.48415119832080444,1.4835376537842209,1.6451170153982682,0.3456811889304331,5.551115123125783e-17,5.551115123125783e-17,1.1102230246251565e-16,1.1102230246251565e-16,1.1102230246251565e-16,0.0,0.0,2.220446049250313e-16,0.0,0.0,0.0
Colombia,Ghana,0.754890492395284,0.15134544415551493,0.850994772063809,0.6349994887839044,2.0235594539530632,0.6876794480025294,0.3460875086453519,1.1102230246251565e-16,0.0,1.3877787807814457e-17,0.0,2.220446049250313e-16,0.0,0.0,0.0,0.0,0.0,0.0
Colombia,Japan,0.49619056399076594,0.28644402308090844,0.6485184321575059,0.5317893057371064,1.6049931461816511,1.287795227781938,0.34737486097744896,5.551115123125783e-17,0.0,5.551115123125783e-17,0.0,0.0,0.0,0.0,0.0,0.0,0.0,0.0
Colombia,Mexico,0.5453665490054994,0.250989108087027,0.680917615527416,0.5400675254597748,1.4974817525537572,1.1084407652282753,0.3441934610237516,1.1102230246251565e-16,0.0,5.551115123125783e-17,1.1102230246251565e-16,2.220446049250313e-16,0.0,0.0,0.0,0.0,0.0,0.0
Colombia,Morocco,0.5227646305100038,0.2729240502292822,0.6720623534918255,0.5470302923337005,1.6357378034299253,1.1700309416577994,0.3476396211424716,1.1102230246251565e-16,0.0,2.7755575615628914e-17,0.0,2.220446049250313e-16,0.0,0.0,0.0,0.0,0.0,0.0
Colombia,Netherlands,0.3461133704350456,0.2867060713239003,0.4794508943010869,0.4650669699819714,1.3682913099533005,1.7234155979587422,0.3435763112104184,5.551115123125783e-17,5.551115123125783e-17,0.0,0.0,0.0,0.0,0.0,0.0,0.0,0.0,0.0
Colombia,Norway,0.4788965177264002,0.2772450528715868,0.6284783393195545,0.5395292721866423,1.719953216483495,1.3199472040313993,0.34286544214456893,0.0,0.0,0.0,0.0,2.220446049250313e-16,0.0,0.0,0.0,0.0,0.0,0.0
Colombia,Paraguay,0.5297081090218224,0.29203656860818833,0.7005683857025911,0.5850646632888081,1.6653632205016062,0.8448447734890322,0.34120286122038596,1.1102230246251565e-16,0.0,2.7755575615628914e-17,0.0,2.220446049250313e-16,0.0,0.0,0.0,0.0,0.0,0.0
Colombia,Portugal,0.35474115142672585,0.26794415788558795,0.48113988191978996,0.4717353477325536,1.2984182094193648,1.580033863082841,0.3419668473089339,5.551115123125783e-17,5.551115123125783e-17,0.0,1.1102230246251565e-16,2.220446049250313e-16,0.0,0.0,0.0,0.0,0.0,0.0
Colombia,Senegal,0.5567249852431687,0.25155846145445954,0.6981023745332549,0.5620060977979873,1.8507985104691118,1.2207352442691932,0.34551020772883095,0.0,5.551115123125783e-17,0.0,1.1102230246251565e-16,1.1102230246251565e-16,0.0,0.0,0.0,0.0,0.0,0.0
Colombia,South Africa,0.7805825459808775,0.13731618789285535,0.8738247802996048,0.6790330823302639,2.2707266507884776,0.4790325231971981,0.33879171276961934,0.0,0.0,1.3877787807814457e-17,1.1102230246251565e-16,2.220446049250313e-16,0.0,0.0,0.0,0.0,0.0,0.0
Colombia,Spain,0.16214182226745774,0.2785410128571082,0.27470260298778465,0.4041084634745358,0.8232895575641246,1.755489944059169,0.33806245257265005,0.0,0.0,0.0,5.551115123125783e-17,0.0,0.0,0.0,0.0,0.0,0.0,0.0
Colombia,Sweden,0.7344886702239477,0.16933822726588876,0.8371102593042885,0.6060154918192693,2.143157568082016,1.0494441734398812,0.34614070935002544,1.1102230246251565e-16,0.0,4.163336342344337e-17,0.0,0.0,0.0,0.0,0.0,0.0,0.0,0.0
Colombia,Switzerland,0.4789683405007803,0.28511797073814793,0.6338417375958136,0.5431905842135393,1.6008041416702958,1.1744430644713042,0.3368913372038806,0.0,0.0,0.0,0.0,0.0,0.0,0.0,0.0,0.0,0.0,0.0
Colombia,USA,0.644750820169362,0.22398802983735538,0.7759835189114667,0.5858915712477885,1.9171811128508605,1.0511125134938264,0.34314702455749135,1.1102230246251565e-16,2.7755575615628914e-17,5.551115123125783e-17,1.1102230246251565e-16,2.220446049250313e-16,0.0,0.0,0.0,0.0,0.0,0.0
Croatia,Algeria,0.5529815799237137,0.2660618555767663,0.7057383690360199,0.5741401328693345,1.9434525272268102,1.1854266458032268,0.3496863702855971,0.0,5.551115123125783e-17,2.7755575615628914e-17,0.0,0.0,0.0,0.0,0.0,0.0,0.0,0.0
Croatia,Argentina,0.16330025869649678,0.2677764073322085,0.2660201074640858,0.3836030582042757,0.9251053573548611,2.110098611293146,0.3419417172719039,5.551115123125783e-17,0.0,0.0,0.0,0.0,0.0,0.0,0.0,0.0,0.0,0.0
Croatia,Australia,0.5284474947430066,0.27877231254636425,0.6866686238522206,0.5675640011161414,1.6845282912095694,1.0210950683974145,0.34861043618334264,0.0,5.551115123125783e-17,5.551115123125783e-17,0.0,1.1102230246251565e-16,0.0,0.0,0.0,0.0,0.0,0.0
Croatia,Austria,0.47425663686087466,0.2948964399360807,0.6333101729979757,0.5393538700283262,1.6793089897607243,1.2839121575487544,0.34955844446565676,0.0,0.0,2.7755575615628914e-17,1.1102230246251565e-16,0.0,0.0,0.0,0.0,0.0,0.0,0.0
Croatia,Belgium,0.40675511952799837,0.29695605625992916,0.5531101934006849,0.4928509481031772,1.3399412333169995,1.4102786350796481,0.34567639325516936,5.551115123125783e-17,0.0,0.0,1.1102230246251565e-16,0.0,0.0,0.0,0.0,0.0,0.0,0.0
Croatia,Bosnia and Herzegovina,0.7322800686081883,0.18549150993694832,0.851847515485121,0.644597949079048,2.223596813549911,0.7535600464716011,0.3425200553102927,1.1102230246251565e-16,2.7755575615628914e-17,1.3877787807814457e-17,0.0,0.0,0.0,0.0,0.0,0.0,0.0,0.0
Croatia,Brazil,0.28096123643501053,0.2837820848714986,0.4026266077927051,0.42872816095063493,1.1138911000943428,1.8300216339409183,0.34720307588505706,0.0,5.551115123125783e-17,0.0,0.0,0.0,2.220446049250313e-16,4.440892098500626e-16,0.0,0.0,0.0,0.0
Croatia,Canada,0.5304981216971578,0.2842012540844321,0.6919092619739784,0.5679466151436039,1.80183701338505,1.1206597256096054,0.3443869169162467,1.1102230246251565e-16,5.551115123125783e-17,0.0,2.220446049250313e-16,2.220446049250313e-16,0.0,0.0,2.220446049250313e-16,0.0,0.0,0.0
Croatia,Cape Verde Islands,0.7490404851805131,0.1623870282998202,0.8545836075885289,0.6499479885372876,2.008047576014457,0.5440960431119011,0.3421639826099,1.1102230246251565e-16,2.7755575615628914e-17,5.551115123125783e-17,0.0,2.220446049250313e-16,0.0,0.0,0.0,0.0,0.0,0.0
Croatia,Colombia,0.31878553107870183,0.29344268693861864,0.458825188578022,0.4772300136708236,1.3147004832536142,1.5410497550490359,0.3464826644248393,5.551115123125783e-17,0.0,5.551115123125783e-17,1.1102230246251565e-16,0.0,2.220446049250313e-16,2.220446049250313e-16,0.0,0.0,0.0,0.0
Croatia,Congo DR,0.7111191751458149,0.19202317664912094,0.8282557171587545,0.6100125206603586,1.941705506514633,0.8483016947456887,0.3465600206758089,0.0,2.7755575615628914e-17,0.0,0.0,2.220446049250313e-16,0.0,0.0,0.0,0.0,0.0,0.0
Croatia,Côte d'Ivoire,0.6801302593225244,0.19975644849038074,0.7973263082250671,0.5866946964076925,1.8098691806735148,0.9525808271564493,0.3533691747751977,0.0,0.0,5.551115123125783e-17,0.0,0.0,0.0,0.0,0.0,0.0,0.0,0.0
Croatia,Ecuador,0.3605114172872385,0.2904852497380161,0.5119117016965016,0.5211978389464131,1.3458977904920408,1.1425662740062787,0.3510500635387401,0.0,0.0,5.551115123125783e-17,1.1102230246251565e-16,0.0,0.0,0.0,0.0,0.0,0.0,0.0
Croatia,Egypt,0.6655693025668102,0.20334308451090946,0.7867141015626858,0.5957655225269098,1.9367375882383566,0.9752879598410679,0.3519130746436492,0.0,2.7755575615628914e-17,5.551115123125783e-17,1.1102230246251565e-16,2.220446049250313e-16,0.0,0.0,0.0,0.0,0.0,0.0
Croatia,England,0.24449565051114586,0.29349242025590144,0.3687788894616519,0.42346319827319967,1.0650273314164358,1.8309055097478204,0.34567059050557614,2.7755575615628914e-17,5.551115123125783e-17,1.1102230246251565e-16,1.6653345369377348e-16,0.0,0.0,0.0,1.1102230246251565e-16,0.0,0.0,0.0
Croatia,France,0.22455862979110838,0.2902258814536638,0.33797598953908653,0.390789957049664,0.9719734874045017,2.0850763816107314,0.3407343769987373,2.7755575615628914e-17,0.0,0.0,5.551115123125783e-17,0.0,0.0,0.0,0.0,0.0,0.0,0.0
Croatia,Germany,0.3638304316274421,0.2855427551457747,0.49440351848165187,0.4572803354354056,1.3672995255804983,1.8049359059156134,0.3488774844586307,5.551115123125783e-17,0.0,0.0,1.1102230246251565e-16,1.1102230246251565e-16,0.0,0.0,0.0,0.0,0.0,0.0
Croatia,Ghana,0.7352730918757556,0.1648854157306513,0.8370085396396524,0.6170069518464072,1.9233454205440146,0.7702741409856136,0.34928380417354954,0.0,2.7755575615628914e-17,1.3877787807814457e-17,1.1102230246251565e-16,1.1102230246251565e-16,0.0,1.1102230246251565e-16,0.0,0.0,0.0,0.0
Croatia,Japan,0.41468660563407933,0.29534816182400525,0.5617417110581934,0.4979042514296823,1.4871619259180426,1.508264437916302,0.3505711565056466,5.551115123125783e-17,0.0,5.551115123125783e-17,0.0,2.220446049250313e-16,0.0,0.0,0.0,0.0,0.0,0.0
Croatia,Mexico,0.47893619280416894,0.27981205034982615,0.6227161824196616,0.5138448806466211,1.4211094881633712,1.2854557193715601,0.34738975655194915,0.0,0.0,0.0,0.0,1.1102230246251565e-16,0.0,0.0,0.0,0.0,0.0,0.0
Croatia,Morocco,0.4432610833124754,0.2888902782618765,0.5921361872110188,0.5153344196774579,1.533722019160066,1.3804668316967394,0.35083591667066916,5.551115123125783e-17,5.551115123125783e-17,5.551115123125783e-17,1.1102230246251565e-16,1.1102230246251565e-16,0.0,0.0,0.0,2.220446049250313e-16,0.0,0.0
Croatia,Netherlands,0.33563559164838275,0.2810310936590237,0.46105740401214923,0.4462915854995794,1.3013432302793597,1.8508642765962855,0.34677260673861593,5.551115123125783e-17,5.551115123125783e-17,0.0,1.1102230246251565e-16,2.220446049250313e-16,0.0,0.0,0.0,0.0,0.0,0.0
Croatia,Norway,0.41307163195797253,0.2949087113267555,0.5633212168967361,0.5094782865613241,1.5785650005677772,1.4825393961928055,0.3460617376727665,0.0,0.0,5.551115123125783e-17,0.0,0.0,0.0,0.0,0.0,0.0,0.0,0.0
Croatia,Paraguay,0.48497915204478326,0.28320032964154807,0.6443850421382291,0.5628732505191953,1.6416924516853417,1.0267395010322573,0.34439915674858357,0.0,0.0,0.0,1.1102230246251565e-16,0.0,0.0,0.0,0.0,0.0,0.0,0.0
Croatia,Portugal,0.3047388584103176,0.29450757351329976,0.4368301492743064,0.44851576918114,1.2170043734895446,1.733987495172573,0.34516314283713145,0.0,0.0,0.0,1.1102230246251565e-16,1.1102230246251565e-16,0.0,0.0,0.0,0.0,0.0,0.0
Croatia,Senegal,0.45284995879569134,0.29290098057526953,0.6067483764397268,0.525428140738118,1.7231981072334575,1.4625489046083886,0.3487065032570285,0.0,0.0,0.0,0.0,0.0,0.0,0.0,0.0,0.0,0.0,0.0
Croatia,South Africa,0.7333163526463734,0.165824409598384,0.8424646928205605,0.6582163653622366,2.1458342726275688,0.5732667927324263,0.3419880082978169,1.1102230246251565e-16,0.0,6.938893903907228e-17,0.0,1.1102230246251565e-16,0.0,0.0,0.0,0.0,0.0,0.0
Croatia,Spain,0.15057881894537914,0.26002337850151136,0.2514126559025589,0.387787581017811,0.8000606481904505,1.9066554715238127,0.34125874810084766,5.551115123125783e-17,0.0,1.1102230246251565e-16,1.1102230246251565e-16,2.220446049250313e-16,0.0,0.0,0.0,0.0,0.0,0.0
Croatia,Sweden,0.6268045589445601,0.23989326262468363,0.7636959136490883,0.5706344280235025,1.9351346869071422,1.2119461564726772,0.349337004878223,0.0,0.0,2.7755575615628914e-17,0.0,2.220446049250313e-16,0.0,0.0,0.0,0.0,0.0,0.0
Croatia,Switzerland,0.40732461394727526,0.29662759409161854,0.5594292146753193,0.5127796730909123,1.4581283092393744,1.3319049957512756,0.34008763273207815,0.0,0.0,0.0,0.0,0.0,0.0,0.0,0.0,0.0,0.0,0.0
Croatia,USA,0.5713892161511924,0.25917702271222376,0.7155860514153135,0.5563642708567937,1.806912918028626,1.235902388054769,0.346343320085689,1.1102230246251565e-16,5.551115123125783e-17,5.551115123125783e-17,1.1102230246251565e-16,2.220446049250313e-16,0.0,0.0,0.0,0.0,0.0,0.0
England,Algeria,0.6810245655649699,0.20453731407948478,0.8135998835572589,0.6481717949066699,2.3688543742642736,0.8301113285107119,0.3456780008381364,0.0,0.0,0.0,0.0,2.220446049250313e-16,0.0,0.0,0.0,0.0,0.0,0.0
England,Argentina,0.27447658780755924,0.29213538314787063,0.4106217020437201,0.4660343186407108,1.2662089122521034,1.6044401563177129,0.3379333478244432,5.551115123125783e-17,0.0,0.0,1.6653345369377348e-16,2.220446049250313e-16,0.0,0.0,0.0,0.0,0.0,0.0
England,Australia,0.6448518079549455,0.23472995037429878,0.7933968048323622,0.6328335887284425,2.0318849499951774,0.7134686895161678,0.3446020667358819,0.0,0.0,1.3877787807814457e-17,1.1102230246251565e-16,1.1102230246251565e-16,0.0,0.0,0.0,0.0,0.0,0.0
England,Austria,0.5823868656406634,0.26902828401893697,0.7473227800945393,0.6130802010478051,2.0688503559704285,0.9227853308453066,0.345550075018196,0.0,0.0,0.0,0.0,0.0,0.0,0.0,0.0,0.0,0.0,0.0
England,Belgium,0.5121892992410607,0.2728683907156286,0.6661542337777197,0.5642461339434306,1.687875964935349,1.0548963247030179,0.3416680238077086,0.0,0.0,0.0,0.0,0.0,0.0,0.0,1.1102230246251565e-16,0.0,0.0,0.0
England,Bosnia and Herzegovina,0.7943573102417116,0.15564516040444562,0.9036154677051302,0.7019695130867551,2.609811416583723,0.5057915844133156,0.338511685862832,0.0,2.7755575615628914e-17,6.938893903907228e-18,1.1102230246251565e-16,2.220446049250313e-16,0.0,0.0,0.0,0.0,0.0,0.0
England,Brazil,0.39634270275763306,0.285969385906041,0.5412800518947714,0.506828200081387,1.4669205502074547,1.3989949330389881,0.3431947064375963,5.551115123125783e-17,5.551115123125783e-17,5.551115123125783e-17,0.0,0.0,0.0,0.0,0.0,0.0,0.0,0.0
England,Canada,0.6529289580091507,0.22738885263466768,0.7985591114767012,0.640445438640415,2.183459641691609,0.7609837175567232,0.34037854746878593,0.0,0.0,2.7755575615628914e-17,1.1102230246251565e-16,0.0,0.0,0.0,0.0,0.0,0.0,0.0
England,Cape Verde Islands,0.8184245570602963,0.1264842775143333,0.9073586880659892,0.7031239989145275,2.345822901942937,0.3196074082141135,0.33815561316243925,0.0,0.0,1.3877787807814457e-17,1.1102230246251565e-16,0.0,0.0,0.0,0.0,0.0,0.0,0.0
England,Colombia,0.4164844355104811,0.29540671545719255,0.5797677634944193,0.552740745013969,1.6604855283654296,1.1384195915550837,0.3424742949773786,5.551115123125783e-17,5.551115123125783e-17,1.1102230246251565e-16,1.1102230246251565e-16,0.0,0.0,0.0,0.0,2.220446049250313e-16,0.0,0.0
England,Congo DR,0.7719501581559184,0.14847385520141534,0.8707616052597168,0.6655141201105991,2.2695856255538014,0.59835776977088,0.34255165122834813,0.0,0.0,4.163336342344337e-17,1.1102230246251565e-16,0.0,0.0,0.0,0.0,0.0,0.0,0.0
England,Croatia,0.46201192923295276,0.2934924202559015,0.6312211105383483,0.5765368017268004,1.8309055097478204,1.0650273314164358,0.34567059050557614,1.1102230246251565e-16,5.551115123125783e-17,2.7755575615628914e-17,2.220446049250313e-16,0.0,0.0,0.0,0.0,1.1102230246251565e-16,0.0,0.0
England,Côte d'Ivoire,0.742421895958369,0.16527379455250812,0.8487759086676885,0.6435019719688853,2.1303236660640783,0.6929531327666621,0.34936080532773695,0.0,0.0,0.0,0.0,0.0,0.0,0.0,0.0,0.0,0.0,0.0
England,Ecuador,0.5068049541018135,0.2744926399488934,0.6707140085965401,0.5971346063240317,1.7290019303962854,0.790170069712816,0.34704169409127933,0.0,0.0,0.0,0.0,0.0,0.0,0.0,0.0,0.0,0.0,0.0
England,Egypt,0.7399895087777858,0.16506492908746226,0.8482847621814913,0.6560766966211429,2.282376613553802,0.692883848027137,0.34790470519618844,0.0,0.0,0.0,1.1102230246251565e-16,4.440892098500626e-16,0.0,0.0,0.0,0.0,0.0,0.0
England,France,0.2882771195087803,0.29301026214973086,0.4235772047168895,0.46175886201203975,1.261608803340769,1.6437263498788681,0.3367260075512766,0.0,0.0,1.1102230246251565e-16,5.551115123125783e-17,0.0,0.0,0.0,0.0,0.0,0.0,0.0
England,Germany,0.47579444938731724,0.2938671338221263,0.6343346174128587,0.5394960843818063,1.7699245092388582,1.3666826392393423,0.34486911501116996,1.1102230246251565e-16,5.551115123125783e-17,5.551115123125783e-17,0.0,2.220446049250313e-16,0.0,0.0,1.1102230246251565e-16,0.0,0.0,0.0
England,Ghana,0.7936578885506439,0.13993571583336095,0.8875563052853409,0.6710110865943166,2.255489365781901,0.5392057223106969,0.3452754347260888,0.0,0.0,2.7755575615628914e-17,1.1102230246251565e-16,0.0,0.0,0.0,0.0,0.0,0.0,0.0
England,Japan,0.4994447847711824,0.2919560986267108,0.6659350494463124,0.5702578759555255,1.8451690519181596,1.1367610826875567,0.34656278705818583,5.551115123125783e-17,0.0,5.551115123125783e-17,0.0,0.0,0.0,0.0,0.0,0.0,0.0,0.0
England,Mexico,0.5681406845247534,0.26294588952538606,0.7206371220549916,0.5799536847885027,1.7285537275645069,0.9451522338624581,0.3433813871044884,0.0,5.551115123125783e-17,2.7755575615628914e-17,0.0,0.0,4.440892098500626e-16,0.0,0.0,0.0,0.0,0.0
England,Morocco,0.5464180369882025,0.2723433416891118,0.7066804445715605,0.5884572267836182,1.8920382945850345,1.0057911249123637,0.3468275472232084,0.0,0.0,8.326672684688674e-17,1.1102230246251565e-16,2.220446049250313e-16,0.0,0.0,0.0,0.0,0.0,0.0
England,Netherlands,0.4291501624611183,0.2945262900068198,0.583958907358603,0.5256194443419637,1.6731365156712121,1.4129071798227182,0.3427642372911552,0.0,0.0,0.0,0.0,1.1102230246251565e-16,0.0,0.0,0.0,0.0,0.0,0.0
England,Norway,0.4996918461344208,0.2832109398775998,0.6651833570096914,0.5843401068715566,1.9592757736613682,1.1016008850438206,0.34205336822530574,1.6653345369377348e-16,5.551115123125783e-17,5.551115123125783e-17,1.1102230246251565e-16,2.220446049250313e-16,0.0,0.0,0.0,0.0,0.0,0.0
England,Paraguay,0.5851968406069664,0.2729300575680754,0.7573890291778388,0.6309022542448387,2.012049950439253,0.7154151021787871,0.3403907873011228,0.0,0.0,2.7755575615628914e-17,1.1102230246251565e-16,0.0,0.0,0.0,2.220446049250313e-16,0.0,0.0,0.0
England,Portugal,0.42541247560526146,0.2956856446565072,0.5820932232915359,0.5298895990310512,1.5903213597034989,1.2923811221655876,0.3411547733896707,5.551115123125783e-17,0.0,0.0,1.1102230246251565e-16,0.0,0.0,0.0,0.0,0.0,0.0,0.0
England,Senegal,0.5836845538850367,0.2486160672232187,0.7344693828256962,0.6064967185136834,2.135263688253848,1.0384226402866534,0.34469813380956776,1.1102230246251565e-16,0.0,5.551115123125783e-17,1.1102230246251565e-16,1.1102230246251565e-16,0.0,0.0,0.0,0.0,0.0,0.0
England,South Africa,0.7690988637033854,0.15170159189087648,0.8763982461403392,0.7073055799845359,2.4774808156427013,0.37000586513099376,0.33797963885035615,0.0,2.7755575615628914e-17,2.7755575615628914e-17,1.1102230246251565e-16,0.0,0.0,0.0,1.1102230246251565e-16,1.1102230246251565e-16,0.0,0.0
England,Spain,0.24193621012775973,0.2975543244829564,0.37957210027446325,0.46255718308199945,1.1096436076964034,1.4723078040784074,0.3372503786533869,5.551115123125783e-17,0.0,0.0,5.551115123125783e-17,0.0,0.0,0.0,0.0,0.0,0.0,0.0
England,Sweden,0.722845876679017,0.1840069919429308,0.8403089950511125,0.6383622553241141,2.318541662048524,0.8835453865332862,0.34532863543076225,0.0,0.0,8.326672684688674e-17,2.220446049250313e-16,0.0,0.0,0.0,0.0,0.0,0.0,0.0
England,Switzerland,0.5052644750826714,0.28777805966837045,0.6738759865523254,0.5859081531926323,1.8233282286071144,0.9712499676262969,0.3360792632846174,0.0,5.551115123125783e-17,2.7755575615628914e-17,0.0,0.0,0.0,0.0,0.0,0.0,0.0,0.0
England,USA,0.6638409812563886,0.22273715974536912,0.8033335456113033,0.6262653457302826,2.1745156319794887,0.8844990121892246,0.3423349506382283,0.0,0.0,1.3877787807814457e-17,1.1102230246251565e-16,2.220446049250313e-16,0.0,0.0,0.0,0.0,0.0,0.0
France,Algeria,0.6948051751437992,0.17775510772436035,0.8159889589532738,0.6817457194951084,2.7052021385901264,0.7592355097520213,0.3407417873312976,0.0,2.7755575615628914e-17,2.7755575615628914e-17,1.1102230246251565e-16,0.0,0.0,0.0,0.0,0.0,0.0,0.0
France,Argentina,0.30491872479137827,0.288063347974512,0.44769274622984756,0.49563411118550915,1.460045088597017,1.5038775139620357,0.3329971343176044,1.1102230246251565e-16,5.551115123125783e-17,5.551115123125783e-17,1.1102230246251565e-16,0.0,0.0,0.0,2.220446049250313e-16,0.0,0.0,0.0
France,Australia,0.7071904536974584,0.18952758609925402,0.8344890560009097,0.6716626583150074,2.365289257164878,0.6117569550131068,0.33966585322904314,0.0,0.0,0.0,0.0,0.0,0.0,0.0,0.0,0.0,0.0,0.0
France,Austria,0.6578982788746661,0.2337937439320218,0.811489163261266,0.6569503606189655,2.4184447479655615,0.7853240730283644,0.3406138615113572,0.0,2.7755575615628914e-17,0.0,0.0,1.1102230246251565e-16,0.0,0.0,0.0,0.0,0.0,0.0
France,Belgium,0.5760668295960167,0.2759812662673253,0.7433029177231457,0.6059689861888602,1.979536083835764,0.9161236154409789,0.33673181030086985,1.1102230246251565e-16,5.551115123125783e-17,5.551115123125783e-17,1.1102230246251565e-16,1.1102230246251565e-16,0.0,0.0,0.0,0.0,0.0,0.0
France,Bosnia and Herzegovina,0.8128115741168731,0.1393203946633252,0.9152099781830978,0.7349850272365053,2.9546316236120655,0.42391646349682466,0.3335754723559932,0.0,0.0,2.7755575615628914e-17,0.0,0.0,0.0,0.0,0.0,0.0,0.0,0.0
France,Brazil,0.46369493539520107,0.28528230419074047,0.6198464261958994,0.5473577873806539,1.719624540929513,1.2436338604153248,0.33825849293075755,1.1102230246251565e-16,5.551115123125783e-17,5.551115123125783e-17,0.0,1.1102230246251565e-16,0.0,0.0,0.0,2.220446049250313e-16,0.0,0.0
France,Canada,0.7168145543090988,0.19120902815711632,0.8475007638922665,0.6834730077482689,2.546155741473835,0.6316755997868801,0.3354423339619472,0.0,2.7755575615628914e-17,4.163336342344337e-17,0.0,0.0,0.0,0.0,0.0,0.0,0.0,0.0
France,Cape Verde Islands,0.8060851947619632,0.12994626792300482,0.9007982281036052,0.7288630512864058,2.643648940665112,0.2855492017368988,0.3332193996556005,0.0,0.0,2.7755575615628914e-17,1.1102230246251565e-16,0.0,0.0,0.0,0.0,0.0,0.0,0.0
France,Colombia,0.44121838217957643,0.2914829095538814,0.6119441843213775,0.5857146218387186,1.8925253344543913,1.0318205798162872,0.33753808147053976,1.1102230246251565e-16,0.0,5.551115123125783e-17,1.1102230246251565e-16,0.0,0.0,0.0,0.0,0.0,0.0,0.0
France,Congo DR,0.7420975337013066,0.17015553872221212,0.860344217903203,0.6949329130857171,2.5923974271317163,0.558320096577394,0.33761543772150937,0.0,0.0,1.3877787807814457e-17,0.0,2.220446049250313e-16,0.0,0.0,0.0,0.0,0.0,0.0
France,Croatia,0.4852154887552279,0.2902258814536638,0.6620240104609135,0.609210042950336,2.0850763816107314,0.9719734874045017,0.3407343769987374,0.0,0.0,2.7755575615628914e-17,1.1102230246251565e-16,0.0,0.0,0.0,0.0,0.0,0.0,0.0
France,Côte d'Ivoire,0.6942374897968867,0.17153038238648763,0.8085748381981991,0.6665719903992902,2.3963497500166246,0.6803993347733757,0.3444245918208982,1.1102230246251565e-16,2.7755575615628914e-17,5.551115123125783e-17,1.1102230246251565e-16,0.0,0.0,0.0,2.220446049250313e-16,0.0,0.0,0.0
France,Ecuador,0.5143044534924793,0.27794006373110014,0.6884530539726272,0.6265689017349878,1.9612544880694023,0.71458874226584,0.3421054805844406,0.0,0.0,2.7755575615628914e-17,0.0,0.0,0.0,0.0,0.0,0.0,0.0,0.0
France,Egypt,0.7093852681598781,0.1664804826663553,0.8231161376770169,0.6831483648751039,2.5839901186539844,0.661101660910996,0.3429684916893497,1.1102230246251565e-16,0.0,4.163336342344337e-17,1.1102230246251565e-16,0.0,0.0,0.0,0.0,0.0,0.0,0.0
France,England,0.41871261834148876,0.29301026214973086,0.5764227952831105,0.5382411379879604,1.6437263498788681,1.261608803340769,0.33672600755127663,1.1102230246251565e-16,0.0,0.0,0.0,0.0,0.0,0.0,0.0,0.0,0.0,0.0
France,Germany,0.5072128827802559,0.28481929297997693,0.6708181974888432,0.574417951104488,2.0241115082845833,1.2529132415832036,0.3399329015043312,0.0,0.0,0.0,1.1102230246251565e-16,0.0,0.0,0.0,0.0,0.0,0.0,0.0
France,Ghana,0.7837478195435562,0.13176916891759557,0.8757009634361521,0.697835044782749,2.530514405985658,0.49000487968410134,0.34033922121925,0.0,0.0,1.3877787807814457e-17,0.0,0.0,0.0,1.1102230246251565e-16,0.0,0.0,0.0,0.0
France,Japan,0.5652021020111855,0.2572507610112513,0.7225043469987864,0.6114743620941944,2.147208688966879,1.0010852208519945,0.341626573551347,0.0,0.0,2.7755575615628914e-17,0.0,0.0,0.0,0.0,0.0,0.0,0.0,0.0
France,Mexico,0.6220861557550245,0.23144235432204727,0.7649305704998692,0.617192195280211,2.003065625090298,0.832209125927085,0.3384451735976496,1.1102230246251565e-16,2.7755575615628914e-17,8.326672684688674e-17,2.220446049250313e-16,3.3306690738754696e-16,0.0,0.0,0.0,0.0,0.0,0.0
France,Morocco,0.5649198102815773,0.2511499174847409,0.7208057569574267,0.620688822982872,2.1553566043896955,0.921233548918384,0.3418913337163697,1.1102230246251565e-16,5.551115123125783e-17,2.7755575615628914e-17,0.0,0.0,0.0,0.0,0.0,0.0,0.0,0.0
France,Netherlands,0.46727711517695136,0.29260106466870467,0.6317375354501744,0.5620636427260856,1.9205550312906607,1.2822768209467184,0.3378280237843164,5.551115123125783e-17,5.551115123125783e-17,2.7755575615628914e-17,0.0,1.1102230246251565e-16,0.0,0.0,0.0,0.0,0.0,0.0
France,Norway,0.5436984754179874,0.2880878090936917,0.7237707617875528,0.6250604179887473,2.2669651342403063,0.9685275252173572,0.33711715471846704,1.1102230246251565e-16,0.0,2.7755575615628914e-17,0.0,0.0,0.0,0.0,0.0,0.0,0.0,0.0
France,Paraguay,0.6401955636516923,0.23668308584518502,0.7984074711296786,0.6684546422614801,2.3284676373158812,0.614357090522501,0.33545457379428406,0.0,0.0,0.0,1.1102230246251565e-16,0.0,0.0,0.0,0.0,0.0,0.0,0.0
France,Portugal,0.4472833341222141,0.2937975402730389,0.6121920043098779,0.561300377240759,1.8057324400743893,1.1873860005296515,0.336218559882832,1.1102230246251565e-16,5.551115123125783e-17,1.6653345369377348e-16,2.220446049250313e-16,1.1102230246251565e-16,0.0,0.0,2.220446049250313e-16,0.0,0.0,0.0
France,Senegal,0.5870533562050995,0.24392498207092053,0.7430504792977706,0.6395290952499298,2.424797357718268,0.9540429377729934,0.339761920302729,0.0,0.0,0.0,1.1102230246251565e-16,1.1102230246251565e-16,0.0,0.0,0.0,0.0,0.0,0.0
France,South Africa,0.7784012664046915,0.134710806088798,0.8779479193782428,0.7389656098407771,2.822391393855295,0.30552086730287836,0.3330434253435174,1.1102230246251565e-16,2.7755575615628914e-17,4.163336342344337e-17,1.1102230246251565e-16,0.0,0.0,0.0,0.0,0.0,0.0,0.0
France,Spain,0.2717690479303574,0.2976028397657951,0.41730553553754834,0.4890292301031939,1.2746960366783537,1.3816631074652497,0.33231416514654816,0.0,0.0,5.551115123125783e-17,0.0,1.1102230246251565e-16,0.0,0.0,0.0,0.0,0.0,0.0
France,Sweden,0.7305145834676343,0.1774971672019908,0.8498220269478147,0.6721653385285257,2.647198011940821,0.8089116310319286,0.3403924219239235,0.0,0.0,6.938893903907228e-17,1.1102230246251565e-16,1.1102230246251565e-16,0.0,0.0,0.0,0.0,0.0,0.0
France,Switzerland,0.56925398890238,0.2773085997929483,0.743348634019187,0.6278011040652702,2.1285013698098814,0.8342550988261772,0.33114304977777864,0.0,0.0,5.551115123125783e-17,0.0,0.0,0.0,0.0,0.0,0.0,0.0,0.0
France,USA,0.7250883463039703,0.1794642402142187,0.8450664892913673,0.6685350955944438,2.5311883872744025,0.7596258490573649,0.33739873713138946,0.0,0.0,0.0,0.0,0.0,0.0,0.0,0.0,0.0,0.0,0.0
Netherlands,Algeria,0.5900908929237697,0.24685485603556737,0.746386876982186,0.633149319274063,2.458586454203756,1.0413137866266222,0.34678001707117617,0.0,0.0,5.551115123125783e-17,1.1102230246251565e-16,0.0,0.0,0.0,0.0,0.0,0.0,0.0
Netherlands,Argentina,0.20552131696649004,0.28213963943207077,0.32884731065095424,0.43710977278028573,1.2630761561539214,1.9080271019759767,0.33903536405748297,2.7755575615628914e-17,0.0,1.1102230246251565e-16,5.551115123125783e-17,2.220446049250313e-16,0.0,0.0,0.0,0.0,0.0,0.0
Netherlands,Australia,0.5689377152706099,0.2556371330672561,0.7277029290916873,0.6210569329898861,2.124097710250909,0.8930011442749649,0.3457040829689217,0.0,5.551115123125783e-17,8.326672684688674e-17,0.0,0.0,0.0,0.0,0.0,0.0,0.0,0.0
Netherlands,Austria,0.5051575244532953,0.2902070582550449,0.6781875397712831,0.5962295209440511,2.137420183389192,1.1382477069885046,0.34665209125123575,0.0,0.0,0.0,0.0,2.220446049250313e-16,0.0,0.0,0.0,0.0,0.0,0.0
Netherlands,Belgium,0.4404223751833098,0.2944603764663452,0.6013042198654052,0.5463616076728172,1.7304277053281132,1.2631516802501643,0.3427700400407484,0.0,0.0,0.0,0.0,0.0,0.0,0.0,0.0,0.0,0.0,0.0
Netherlands,Bosnia and Herzegovina,0.7542991479784835,0.17254935966922177,0.875046380405199,0.6997837178775321,2.776320654527015,0.6379878009291448,0.3396137020958718,0.0,2.7755575615628914e-17,6.938893903907228e-17,1.1102230246251565e-16,0.0,0.0,0.0,0.0,1.1102230246251565e-16,0.0,0.0
Netherlands,Brazil,0.3179615165098966,0.2829828169300512,0.45407577898272433,0.4809983303914631,1.467559050209542,1.6612970862420635,0.3442967226706361,5.551115123125783e-17,0.0,0.0,1.1102230246251565e-16,1.1102230246251565e-16,0.0,0.0,0.0,0.0,0.0,0.0
Netherlands,Canada,0.5841481984732431,0.24737195144962135,0.7393264472267307,0.6273073719317385,2.2848291828046814,0.9613526683545193,0.3414805637018258,0.0,0.0,0.0,1.1102230246251565e-16,1.1102230246251565e-16,0.0,0.0,0.0,0.0,0.0,0.0
Netherlands,Cape Verde Islands,0.7569906824479113,0.16021284640007696,0.8690312870583267,0.6993234757881529,2.488376554404287,0.44826179598631205,0.33925762939547904,0.0,0.0,2.7755575615628914e-17,1.1102230246251565e-16,0.0,0.0,0.0,0.0,0.0,0.0,0.0
Netherlands,Colombia,0.3671805582410541,0.28670607132390036,0.5205491056989131,0.5349330300180286,1.7234155979587422,1.3682913099533005,0.3435763112104183,0.0,5.551115123125783e-17,5.551115123125783e-17,0.0,0.0,0.0,0.0,0.0,0.0,0.0,0.0
Netherlands,Congo DR,0.7542085964618882,0.157681515557495,0.8591450368052626,0.6654961424765837,2.4330243437162427,0.716837248855565,0.3436536674613879,1.1102230246251565e-16,2.7755575615628914e-17,2.7755575615628914e-17,1.1102230246251565e-16,2.220446049250313e-16,0.0,0.0,0.0,0.0,0.0,0.0
Netherlands,Croatia,0.3833333146925935,0.28103109365902373,0.5389425959878509,0.5537084145004209,1.8508642765962855,1.3013432302793597,0.34677260673861593,0.0,5.551115123125783e-17,5.551115123125783e-17,1.1102230246251565e-16,2.220446049250313e-16,0.0,0.0,0.0,0.0,0.0,0.0
Netherlands,Côte d'Ivoire,0.6789231700964921,0.18989603270115252,0.7993654470766075,0.6342537822770663,2.23937304408588,0.8608776746116646,0.35046282156077674,0.0,0.0,2.7755575615628914e-17,0.0,2.220446049250313e-16,0.0,0.0,0.0,0.0,0.0,0.0
Netherlands,Ecuador,0.4194041751254752,0.27732516621080244,0.5795807367767356,0.5775767264104185,1.7605151119083673,0.9945378305630969,0.3481437103243192,0.0,0.0,5.551115123125783e-17,2.220446049250313e-16,2.220446049250313e-16,0.0,0.0,0.0,0.0,0.0,0.0
Netherlands,Egypt,0.6613907376784391,0.19710966828778886,0.7884577154879873,0.6446511676130704,2.3919295611095617,0.8805079980218419,0.34900672142922823,0.0,0.0,0.0,0.0,0.0,0.0,0.0,0.0,0.0,0.0,0.0
Netherlands,England,0.27632354753206195,0.2945262900068198,0.416041092641397,0.47438055565803616,1.4129071798227182,1.6731365156712121,0.3427642372911552,0.0,0.0,0.0,0.0,1.1102230246251565e-16,0.0,0.0,0.0,0.0,0.0,0.0
Netherlands,France,0.240121820154344,0.2926010646687046,0.36826246454982553,0.43793635727391433,1.2822768209467184,1.9205550312906607,0.3378280237843164,2.7755575615628914e-17,5.551115123125783e-17,5.551115123125783e-17,5.551115123125783e-17,1.1102230246251565e-16,0.0,0.0,0.0,0.0,0.0,0.0
Netherlands,Germany,0.40042955400011165,0.2928348086388799,0.5513539309460149,0.5153908363811396,1.7924047898504951,1.6312854469441878,0.34597113124420975,0.0,0.0,0.0,1.1102230246251565e-16,0.0,0.0,0.0,0.0,0.0,0.0,0.0
Netherlands,Ghana,0.6921828427230517,0.19042480760917563,0.8176962876014247,0.6591233907715129,2.3522542705638245,0.7165113724467764,0.34637745095912853,0.0,0.0,1.3877787807814457e-17,1.1102230246251565e-16,1.1102230246251565e-16,0.0,0.0,0.0,0.0,0.0,0.0
Netherlands,Japan,0.4542960819401048,0.27865055788907034,0.6087630127673073,0.5543392125153941,1.9177715628689451,1.355635196601408,0.34766480329122557,0.0,0.0,0.0,1.1102230246251565e-16,0.0,0.0,0.0,0.0,0.0,0.0,0.0
Netherlands,Mexico,0.4968970626739614,0.2938580738484676,0.6630500723211392,0.5654192429399001,1.8014750458382123,1.1443146187328341,0.34448340333752814,1.1102230246251565e-16,5.551115123125783e-17,5.551115123125783e-17,0.0,0.0,0.0,0.0,0.0,0.0,0.0,0.0
Netherlands,Morocco,0.46395388287337497,0.2923418781612525,0.6303632134548844,0.5692285061181687,1.946862489019346,1.2358360458812907,0.34792956345624826,5.551115123125783e-17,5.551115123125783e-17,0.0,0.0,0.0,0.0,0.0,0.0,0.0,0.0,0.0
Netherlands,Norway,0.4387079060383409,0.2916598592985486,0.6038798679918135,0.5663170871395073,2.0194370486456257,1.3282600028085583,0.3431553844583456,5.551115123125783e-17,0.0,0.0,1.1102230246251565e-16,0.0,0.0,0.0,0.0,0.0,0.0,0.0
Netherlands,Paraguay,0.5220665658503403,0.27776548923332667,0.6938895428637704,0.6185900829065794,2.0934960798667803,0.8915018335643953,0.3414928035341626,0.0,0.0,2.7755575615628914e-17,0.0,0.0,0.0,0.0,0.0,0.0,0.0,0.0
Netherlands,Portugal,0.35552104408615137,0.27197132334028606,0.4926219296203539,0.5041005200488147,1.6020008740733762,1.5600734642373026,0.34225678962271056,1.1102230246251565e-16,0.0,1.1102230246251565e-16,0.0,1.1102230246251565e-16,0.0,0.0,0.0,0.0,0.0,0.0
Netherlands,Senegal,0.4850389993204085,0.2819641892301108,0.6498011629634652,0.5843371957727385,2.1903390975253125,1.2989212756963482,0.34580015004260756,0.0,0.0,0.0,0.0,0.0,0.0,0.0,0.0,0.0,0.0,0.0
Netherlands,South Africa,0.7212288593414226,0.1724393636570798,0.8428615047844181,0.7053647314825364,2.6389612547144554,0.49427080148782904,0.33908165508339594,1.1102230246251565e-16,0.0,5.551115123125783e-17,1.1102230246251565e-16,0.0,0.0,0.0,0.0,0.0,0.0,0.0
Netherlands,Spain,0.17512070936562676,0.2903538874120009,0.3015368503063041,0.4353864247090232,1.0965572450814514,1.7388488796073538,0.3383523948864267,2.7755575615628914e-17,0.0,0.0,5.551115123125783e-17,0.0,0.0,0.0,0.0,0.0,0.0,0.0
Netherlands,Sweden,0.6667029513278118,0.22569586248933257,0.8091068336614518,0.630954775878404,2.452305773789695,1.057628806122378,0.34643065166380205,1.1102230246251565e-16,2.7755575615628914e-17,5.551115123125783e-17,2.220446049250313e-16,0.0,0.0,0.0,0.0,0.0,0.0,0.0
Netherlands,Switzerland,0.45166287327439547,0.2929185218085903,0.6188801857880214,0.5708662992055358,1.8887887779299168,1.1691428177696468,0.3371812795176572,1.1102230246251565e-16,5.551115123125783e-17,5.551115123125783e-17,1.1102230246251565e-16,0.0,0.0,0.0,0.0,0.0,0.0,0.0
Netherlands,USA,0.602313880390606,0.2539619600662338,0.7584569049761992,0.6148283961301562,2.28454180432868,1.080033766741479,0.343436966871268,1.1102230246251565e-16,0.0,2.7755575615628914e-17,1.1102230246251565e-16,0.0,0.0,0.0,0.0,0.0,0.0,0.0
Portugal,Algeria,0.6200482659320213,0.24085244235740838,0.7717488964690065,0.6298488362923547,2.3130264049539884,0.9594048394394137,0.34517055316969175,0.0,5.551115123125783e-17,2.7755575615628914e-17,0.0,0.0,0.0,0.0,0.0,0.0,0.0,0.0
Portugal,Argentina,0.22907179418922763,0.2896555982143254,0.356356278815596,0.4394338842786202,1.1781846778193896,1.7875331290464718,0.33742590015599855,5.551115123125783e-17,0.0,5.551115123125783e-17,5.551115123125783e-17,0.0,0.0,0.0,0.0,0.0,0.0,0.0
Portugal,Australia,0.5886143502248012,0.24705506161034438,0.7406901234968138,0.6155541695068234,1.9864972126755054,0.8338887270406813,0.34409461906743727,0.0,0.0,2.7755575615628914e-17,1.1102230246251565e-16,0.0,0.0,0.0,0.0,0.0,0.0,0.0
Portugal,Austria,0.5345240392455188,0.2832507475743815,0.7027959743252532,0.5940741075556959,2.009308946600418,1.0517298636021004,0.34504262734975133,1.1102230246251565e-16,0.0,0.0,1.1102230246251565e-16,2.220446049250313e-16,0.0,0.0,0.0,0.0,0.0,0.0
Portugal,Belgium,0.4525459593825212,0.29583739990730584,0.612888058349145,0.5419940109562327,1.6085785696049266,1.1930055605817305,0.341160576139264,5.551115123125783e-17,0.0,5.551115123125783e-17,0.0,0.0,0.0,0.0,0.0,0.0,0.0,0.0
Portugal,Bosnia and Herzegovina,0.7703714207662231,0.16647659624223632,0.8855982663960845,0.6921504177211636,2.5964670060119652,0.5866293154119011,0.33800423819438735,0.0,0.0,1.3877787807814457e-17,1.1102230246251565e-16,0.0,0.0,0.0,0.0,0.0,0.0,0.0
Portugal,Brazil,0.32823324255847247,0.29563060792252327,0.4700057419883866,0.479559611320993,1.3592812583252725,1.563756102206369,0.3426872587691517,1.1102230246251565e-16,5.551115123125783e-17,5.551115123125783e-17,0.0,1.1102230246251565e-16,0.0,0.0,0.0,2.220446049250313e-16,0.0,0.0
Portugal,Canada,0.5867882257307183,0.25641156727529396,0.7457643998763954,0.6200039094764934,2.1263801592822427,0.9045789599280571,0.33987109980034136,0.0,0.0,5.551115123125783e-17,0.0,0.0,0.0,0.0,0.0,0.0,0.0,0.0
Portugal,Cape Verde Islands,0.7659058899161886,0.15661464901015965,0.8741193486571183,0.6909536203979861,2.325819608300346,0.4123358308913897,0.3376481654939946,1.1102230246251565e-16,2.7755575615628914e-17,4.163336342344337e-17,1.1102230246251565e-16,0.0,0.0,0.0,0.0,0.0,0.0,0.0
Portugal,Colombia,0.37731469068768614,0.267944157885588,0.5188601180802099,0.5282646522674462,1.580033863082841,1.2984182094193648,0.3419668473089339,0.0,5.551115123125783e-17,5.551115123125783e-17,1.1102230246251565e-16,2.220446049250313e-16,0.0,0.0,0.0,0.0,0.0,0.0
Portugal,Congo DR,0.7482690924035459,0.16233148646408904,0.8546549529125126,0.6553618329152758,2.259910634173259,0.6827795780225306,0.3420442035599035,0.0,0.0,2.7755575615628914e-17,0.0,0.0,0.0,0.0,0.0,0.0,0.0,0.0
Portugal,Croatia,0.4007535680763827,0.29450757351329976,0.5631698507256937,0.5514842308188599,1.733987495172573,1.2170043734895446,0.3451631428371315,0.0,0.0,0.0,1.1102230246251565e-16,1.1102230246251565e-16,0.0,0.0,0.0,0.0,0.0,0.0
Portugal,Côte d'Ivoire,0.7216704588450681,0.1732497328582691,0.8312882501300928,0.63271549962331,2.1157785001145055,0.7794179676872297,0.3488533576592923,0.0,0.0,1.3877787807814457e-17,0.0,2.220446049250313e-16,0.0,0.0,0.0,0.0,0.0,0.0
Portugal,Ecuador,0.4190982714530738,0.28587961542500484,0.5822009804150369,0.5705293422879604,1.628483064827585,0.9446979238099175,0.34653424642283476,5.551115123125783e-17,0.0,5.551115123125783e-17,1.1102230246251565e-16,0.0,0.0,0.0,0.0,0.0,0.0,0.0
Portugal,Egypt,0.7124935006551395,0.17775745546118388,0.8270375598957911,0.6443839947161267,2.2670887411886205,0.7884215151203786,0.3473972575277438,1.1102230246251565e-16,2.7755575615628914e-17,1.1102230246251565e-16,0.0,0.0,0.0,0.0,0.0,0.0,0.0,0.0
Portugal,England,0.2789018797382313,0.2956856446565072,0.417906776708464,0.47011040096894885,1.2923811221655876,1.5903213597034989,0.34115477338967076,0.0,0.0,5.551115123125783e-17,1.1102230246251565e-16,0.0,0.0,0.0,0.0,0.0,0.0,0.0
Portugal,France,0.25891912560474695,0.29379754027303884,0.387807995690122,0.4386996227592409,1.1873860005296515,1.8057324400743893,0.336218559882832,1.6653345369377348e-16,5.551115123125783e-17,1.1102230246251565e-16,1.6653345369377348e-16,1.1102230246251565e-16,0.0,0.0,0.0,2.220446049250313e-16,0.0,0.0
Portugal,Germany,0.41779888580690355,0.2940090846023945,0.5686402896601406,0.5130501462471084,1.6718412357310264,1.5378160392603724,0.34436166734272533,5.551115123125783e-17,5.551115123125783e-17,5.551115123125783e-17,1.1102230246251565e-16,0.0,0.0,0.0,2.220446049250313e-16,0.0,0.0,0.0
Portugal,Ghana,0.7493857168976705,0.16019456952045996,0.8548826695552496,0.6585551119078672,2.231302927672482,0.6329097452902037,0.3447679870576441,0.0,2.7755575615628914e-17,6.938893903907228e-17,0.0,2.220446049250313e-16,0.0,0.0,0.0,0.0,0.0,0.0
Portugal,Japan,0.46275708524681775,0.29030710956914374,0.6225381551187232,0.550386348129892,1.788452409028933,1.2771028730886196,0.34605533938974115,0.0,0.0,0.0,1.1102230246251565e-16,0.0,0.0,0.0,0.0,0.0,0.0,0.0
Portugal,Mexico,0.5242844031891053,0.28703741929386584,0.686038981535021,0.5635313289251429,1.6907554574083008,1.064118066620079,0.3428739394360437,0.0,0.0,0.0,0.0,1.1102230246251565e-16,0.0,0.0,0.0,0.0,0.0,0.0
Portugal,Morocco,0.47616385477021,0.2937156298633142,0.6419712560886106,0.5645167790204495,1.814279027132887,1.164234800009376,0.34632009955476384,0.0,0.0,5.551115123125783e-17,1.1102230246251565e-16,0.0,0.0,0.0,0.0,0.0,0.0,0.0
Portugal,Netherlands,0.37250763257356256,0.27197132334028606,0.5073780703796461,0.4958994799511852,1.5600734642373026,1.6020008740733762,0.34225678962271056,1.1102230246251565e-16,0.0,1.1102230246251565e-16,0.0,1.1102230246251565e-16,0.0,0.0,0.0,0.0,0.0,0.0
Portugal,Norway,0.4543785372268452,0.29298588753601995,0.6191079940564386,0.5622436569042646,1.882539944236917,1.246686597910781,0.34154592055686117,0.0,0.0,0.0,1.1102230246251565e-16,1.1102230246251565e-16,0.0,0.0,0.0,0.0,0.0,0.0
Portugal,Paraguay,0.5203926357812009,0.28717830865405597,0.6956257246538082,0.61018915284336,1.9400812372844842,0.8453788769892798,0.3398833396326782,0.0,0.0,5.551115123125783e-17,0.0,2.220446049250313e-16,0.0,0.0,0.0,0.0,0.0,0.0
Portugal,Senegal,0.5191514188459248,0.28005604916704785,0.682704784886922,0.5840022614310356,2.066602031753868,1.1964465763517143,0.34419068614112314,0.0,1.1102230246251565e-16,0.0,1.1102230246251565e-16,0.0,4.440892098500626e-16,2.220446049250313e-16,0.0,0.0,0.0,0.0
Portugal,South Africa,0.7627173024590906,0.14849329931682878,0.8668334968121417,0.7011507915310463,2.4884111748550213,0.43195575732118086,0.3374721911819115,0.0,2.7755575615628914e-17,2.7755575615628914e-17,0.0,0.0,0.0,1.1102230246251565e-16,0.0,0.0,0.0,0.0
Portugal,Spain,0.18283739930261106,0.284422034084831,0.3059686179447392,0.4329172985430632,0.9981982663531904,1.6534341098015815,0.3367429309849423,2.7755575615628914e-17,0.0,0.0,1.1102230246251565e-16,2.220446049250313e-16,2.220446049250313e-16,0.0,0.0,0.0,0.0,0.0
Portugal,Sweden,0.6968485496681426,0.2061215381675735,0.8259590397164851,0.6263803928310379,2.2978820924256502,0.9803833455259016,0.3448211877623176,0.0,0.0,2.7755575615628914e-17,1.1102230246251565e-16,1.1102230246251565e-16,0.0,0.0,0.0,0.0,0.0,0.0
Portugal,Switzerland,0.45458206889291275,0.29446010661782107,0.6207090539419924,0.5641748451334203,1.7480929262723341,1.10887209340007,0.3355718156161728,5.551115123125783e-17,0.0,5.551115123125783e-17,0.0,1.1102230246251565e-16,0.0,0.0,0.0,0.0,0.0,0.0
Portugal,USA,0.6128354517912037,0.24478862304608387,0.761579009041213,0.6076408102594166,2.1255257985083116,1.0196480465121218,0.3418275029697836,0.0,0.0,5.551115123125783e-17,1.1102230246251565e-16,0.0,0.0,0.0,0.0,0.0,0.0,0.0
Spain,Algeria,0.7518575512090454,0.15443693608151798,0.855493081807519,0.6710540446345725,2.4104922015433963,0.6496076284662855,0.3412661584334079,0.0,5.551115123125783e-17,1.3877787807814457e-17,0.0,1.1102230246251565e-16,0.0,0.0,0.0,0.0,0.0,0.0
Spain,Argentina,0.3903165605943412,0.2979522588902645,0.5420810185613537,0.5093583063684949,1.351338639818298,1.2604904035537154,0.3335215054197147,1.1102230246251565e-16,0.0,1.1102230246251565e-16,1.1102230246251565e-16,2.220446049250313e-16,0.0,2.220446049250313e-16,0.0,0.0,0.0,0.0
Spain,Australia,0.7739180457089965,0.14369536624940038,0.8687443857539424,0.6599123028112371,2.095074135985047,0.5212385601530017,0.3401902243311534,0.0,0.0,1.3877787807814457e-17,1.1102230246251565e-16,0.0,0.0,0.0,0.0,0.0,0.0,0.0
Spain,Austria,0.7329413692232813,0.1808372894667258,0.8500505511805013,0.6475942119159455,2.1493868976749755,0.6705463345196826,0.34113823261346743,0.0,0.0,6.938893903907228e-17,0.0,0.0,0.0,0.0,0.0,0.0,0.0,0.0
Spain,Belgium,0.6662737668510506,0.22130571438212102,0.7998369009360528,0.6035232052543537,1.7833996756805648,0.777955392318756,0.33725618140298014,0.0,5.551115123125783e-17,4.163336342344337e-17,1.1102230246251565e-16,1.1102230246251565e-16,0.0,0.0,0.0,0.0,0.0,0.0
Spain,Bosnia and Herzegovina,0.886410680792182,0.0832030613654993,0.9461422883385648,0.7179015599436946,2.5867346863966545,0.34704184567488494,0.33409984345810345,0.0,0.0,6.938893903907228e-18,0.0,0.0,0.0,0.0,0.0,0.0,0.0,0.0
Spain,Brazil,0.5094111183393023,0.26791367840268476,0.6554113349434799,0.5449524543675355,1.5318069648718886,1.0943761210135332,0.3387828640328678,0.0,0.0,5.551115123125783e-17,1.1102230246251565e-16,0.0,0.0,0.0,0.0,0.0,0.0,0.0
Spain,Canada,0.7772680128914047,0.1446180821517984,0.874272110273553,0.6707605019981385,2.250237493510316,0.537680336708629,0.33596670506405746,0.0,0.0,1.3877787807814457e-17,1.1102230246251565e-16,2.220446049250313e-16,0.0,1.1102230246251565e-16,0.0,0.0,0.0,0.0
Spain,Cape Verde Islands,0.8729110819298971,0.08642383742954325,0.934308126331647,0.7104179382430647,2.316205182773086,0.23727567668611244,0.3337437707577108,0.0,0.0,2.7755575615628914e-17,1.1102230246251565e-16,0.0,0.0,0.0,0.0,0.0,0.0,0.0
Spain,Colombia,0.559317164875434,0.2785410128571082,0.7252973970122153,0.5958915365254642,1.755489944059169,0.8232895575641246,0.33806245257265,0.0,0.0,0.0,1.1102230246251565e-16,0.0,0.0,0.0,0.0,0.0,0.0,0.0
Spain,Congo DR,0.8211340719803836,0.13062735851770166,0.9105786735632478,0.6847309981449514,2.306129421563352,0.4534972678135038,0.3381398088236196,0.0,0.0,4.85722573273506e-17,1.1102230246251565e-16,2.220446049250313e-16,0.0,0.0,2.220446049250313e-16,0.0,0.0,0.0
Spain,Croatia,0.5893978025531096,0.26002337850151136,0.7485873440974412,0.6122124189821891,1.9066554715238127,0.8000606481904505,0.34125874810084766,1.1102230246251565e-16,0.0,5.551115123125783e-17,1.1102230246251565e-16,2.220446049250313e-16,0.0,0.0,0.0,0.0,0.0,0.0
Spain,Côte d'Ivoire,0.7364432052576795,0.16036679895098205,0.841483675675413,0.6550013538016705,2.134254207474938,0.5932181963733092,0.3449489629230085,0.0,0.0,2.7755575615628914e-17,1.1102230246251565e-16,2.220446049250313e-16,0.0,0.0,0.0,0.0,0.0,0.0
Spain,Ecuador,0.5976979688433622,0.25859935439307613,0.75916120386579,0.6243760174938426,1.769335098330359,0.58357435416917,0.34262985168655086,1.1102230246251565e-16,0.0,5.551115123125783e-17,1.1102230246251565e-16,2.220446049250313e-16,0.0,0.0,0.0,0.0,0.0,0.0
Spain,Egypt,0.756024362411164,0.15231033182493978,0.8582090333297535,0.6708978287568637,2.2962968365122456,0.5693540799647707,0.3434928627914599,0.0,2.7755575615628914e-17,8.326672684688674e-17,1.1102230246251565e-16,0.0,0.0,0.0,0.0,0.0,0.0,0.0
Spain,England,0.46050946538928383,0.2975543244829564,0.6204278997255367,0.5374428169180006,1.4723078040784074,1.1096436076964034,0.3372503786533869,0.0,0.0,5.551115123125783e-17,1.1102230246251565e-16,0.0,0.0,0.0,0.0,0.0,0.0,0.0
Spain,France,0.4306281123038475,0.2976028397657951,0.5826944644624517,0.510970769896806,1.3816631074652497,1.2746960366783537,0.3323141651465481,5.551115123125783e-17,0.0,0.0,0.0,1.1102230246251565e-16,0.0,0.0,0.0,0.0,0.0,0.0
Spain,Germany,0.6195353173443505,0.2556129534787574,0.7683827672989714,0.5823157548507836,1.86497716864894,1.0401520215953937,0.34045727260644143,1.1102230246251565e-16,0.0,2.7755575615628914e-17,0.0,0.0,0.0,2.220446049250313e-16,2.220446049250313e-16,0.0,0.0,0.0
Spain,Ghana,0.8578877608443861,0.08398832507954568,0.9153326322242206,0.683962578434897,2.2295591646554165,0.4072018705492682,0.34086359232136026,0.0,0.0,6.938893903907228e-18,0.0,0.0,0.0,0.0,0.0,0.0,0.0,0.0
Spain,Japan,0.6412375684621265,0.2398555080580924,0.7876194168811116,0.610291794439558,1.935001616413815,0.8403354048794994,0.3421509446534573,1.1102230246251565e-16,0.0,1.3877787807814457e-17,1.1102230246251565e-16,0.0,0.0,0.0,2.220446049250313e-16,0.0,0.0,0.0
Spain,Mexico,0.7247934141203383,0.17785015490280365,0.8343942587700572,0.6162538610642008,1.8068196803126604,0.6840264694290767,0.33896954469975993,1.1102230246251565e-16,2.7755575615628914e-17,0.0,1.1102230246251565e-16,0.0,0.0,0.0,0.0,0.0,0.0,0.0
Spain,Morocco,0.6936463313928386,0.19315791524190706,0.8144073302009374,0.62519311547166,1.9734239080510367,0.7364289009859648,0.34241570481847994,0.0,0.0,1.3877787807814457e-17,0.0,0.0,0.0,0.0,0.0,0.0,0.0,0.0
Spain,Netherlands,0.5345254032223723,0.2903538874120009,0.6984631496936959,0.5646135752909769,1.7388488796073538,1.0965572450814514,0.3383523948864267,0.0,0.0,2.7755575615628914e-17,0.0,0.0,0.0,0.0,0.0,0.0,0.0,0.0
Spain,Norway,0.6758352276753565,0.22465721942529362,0.8175225860220086,0.6306824179036363,2.081981245101275,0.7716856350523853,0.33764152582057727,0.0,0.0,4.163336342344337e-17,0.0,0.0,0.0,0.0,0.0,0.0,0.0,0.0
Spain,Paraguay,0.7469569027555422,0.17049444223528445,0.8600051870216697,0.6630614041372651,2.0935656628759554,0.49266838882198744,0.3359789448963943,0.0,0.0,2.7755575615628914e-17,0.0,2.220446049250313e-16,0.0,0.0,0.0,0.0,0.0,0.0
Spain,Portugal,0.532740566612558,0.284422034084831,0.6940313820552609,0.567082701456937,1.6534341098015815,0.9981982663531902,0.33674293098494223,0.0,0.0,2.7755575615628914e-17,1.1102230246251565e-16,2.220446049250313e-16,0.0,2.220446049250313e-16,0.0,0.0,0.0,0.0
Spain,Senegal,0.7082656511044843,0.18712894854518122,0.8284813853376868,0.6424218976690135,2.2098039876248996,0.7629868135222508,0.3402862914048393,0.0,2.7755575615628914e-17,4.163336342344337e-17,1.1102230246251565e-16,0.0,0.0,0.0,0.0,0.0,0.0,0.0
Spain,South Africa,0.8618838285295574,0.08133721898072488,0.9205170222450001,0.7208654838486364,2.478597895728498,0.2516767330665874,0.3335677964456277,1.1102230246251565e-16,1.3877787807814457e-17,4.163336342344337e-17,1.1102230246251565e-16,2.220446049250313e-16,0.0,0.0,0.0,0.0,0.0,0.0
Spain,Sweden,0.7894132403798936,0.1537052794189249,0.8911156508402398,0.6616715498961847,2.356434430234811,0.6962383440224712,0.3409167930260337,0.0,0.0,2.0816681711721685e-17,1.1102230246251565e-16,0.0,0.0,0.0,0.0,0.0,0.0,0.0
Spain,Switzerland,0.6775175754933477,0.22410835759318068,0.8182084745500995,0.6277806886262811,1.9302824759990596,0.6796210657780062,0.33166742087988893,0.0,2.7755575615628914e-17,0.0,0.0,0.0,0.0,0.0,0.0,0.0,0.0,0.0
Spain,USA,0.7621748624788413,0.15378748097712613,0.8628269942234501,0.6544884609923453,2.233694339230606,0.6712928931996704,0.3379231082334997,1.1102230246251565e-16,0.0,5.551115123125783e-17,0.0,2.220446049250313e-16,0.0,0.0,0.0,0.0,0.0,0.0
