team,opponent,p_team_win_90,p_draw_90,p_team_advances,p_team_advances_if_draw,team_xg,opponent_xg,form_weight,p90_win_order_delta,p90_draw_order_delta,p90_loss_order_delta,advance_order_delta,advance_if_draw_complement_delta,home_xg_order_delta,away_xg_order_delta,forward_probability_sum_error,reverse_probability_sum_error,forward_penalty_neutrality_error,reverse_penalty_neutrality_error
Argentina,Algeria,0.7596725607795658,0.14938414349032528,0.859588198300883,0.6688503557794814,2.4637316909217164,0.7080656231735206,0.4014242553400794,0.0,0.0,1.3877787807814457e-17,0.0,1.1102230246251565e-16,0.0,0.0,0.0,0.0,0.0,0.0
Argentina,Australia,0.7749423646562167,0.14800340738206605,0.8721010254743838,0.6564623243257854,2.1435526821715314,0.5871209558721955,0.40344989522674474,0.0,2.7755575615628914e-17,5.551115123125783e-17,0.0,0.0,0.0,0.0,2.220446049250313e-16,0.0,0.0,0.0
Argentina,Austria,0.7052834666879422,0.2041387497397876,0.8369047617987191,0.6447638935701945,2.2810375243310417,0.7954758895456593,0.40258850971050963,0.0,2.7755575615628914e-17,1.3877787807814457e-17,1.1102230246251565e-16,0.0,0.0,0.0,0.0,0.0,0.0,0.0
Argentina,Belgium,0.6401142588207509,0.23891733098950346,0.7830900618044936,0.5984321120263316,1.9319899570663583,0.9466220315486383,0.39835432303199847,0.0,0.0,0.0,0.0,0.0,0.0,0.0,0.0,0.0,0.0,0.0
Argentina,Bosnia and Herzegovina,0.8726734280547513,0.0960212953476074,0.9419697697920594,0.7216768060298274,2.762721318103316,0.4258826040532787,0.39406038636574325,0.0,0.0,7.632783294297951e-17,0.0,0.0,0.0,0.0,0.0,0.0,0.0,0.0
Argentina,Brazil,0.4685005872888305,0.29695465684561567,0.6247234274549374,0.526083146247226,1.482829367004921,1.227116005814579,0.4003886604911814,0.0,5.551115123125783e-17,2.7755575615628914e-17,1.1102230246251565e-16,0.0,0.0,0.0,0.0,0.0,0.0,0.0
Argentina,Canada,0.7543437552783924,0.16159079064229762,0.8607202602740343,0.6583079677549211,2.207714638156811,0.6178226501911867,0.39585802969687656,1.1102230246251565e-16,2.7755575615628914e-17,1.3877787807814457e-17,1.1102230246251565e-16,1.1102230246251565e-16,0.0,0.0,2.220446049250313e-16,0.0,0.0,0.0
Argentina,Cape Verde Islands,0.8581061993594652,0.09619199844527856,0.9256342201617811,0.7020128689885892,2.27656346974801,0.28321561229047726,0.38874230655342823,1.1102230246251565e-16,1.3877787807814457e-17,6.938893903907228e-18,1.1102230246251565e-16,0.0,0.0,0.0,0.0,0.0,0.0,0.0
Argentina,Colombia,0.47524915447915383,0.29625256239070674,0.6437483010776921,0.5687685711096622,1.6050034678055323,0.9402118618721349,0.39875693894531966,0.0,0.0,5.551115123125783e-17,0.0,0.0,0.0,0.0,0.0,0.0,0.0,0.0
Argentina,Congo DR,0.8147553260781479,0.13092985068979043,0.9035511175468326,0.6781936357589441,2.3569540155854765,0.5470484622644012,0.3976378280636804,1.1102230246251565e-16,0.0,8.326672684688674e-17,0.0,0.0,0.0,0.0,0.0,0.0,0.0,0.0
Argentina,Croatia,0.5653781253070306,0.2692184163332256,0.7279251609394399,0.6037738348152841,2.003314791369221,0.9559145072331242,0.402330348239862,1.1102230246251565e-16,5.551115123125783e-17,2.7755575615628914e-17,1.1102230246251565e-16,0.0,0.0,0.0,0.0,0.0,0.0,0.0
Argentina,Côte d'Ivoire,0.7806897871771084,0.13373327464189788,0.8687621365119551,0.658567208278426,2.24940158959827,0.6460776427531191,0.4052858127424812,1.1102230246251565e-16,0.0,5.551115123125783e-17,0.0,2.220446049250313e-16,0.0,0.0,0.0,0.0,0.0,0.0
Argentina,Ecuador,0.5538386602193967,0.27999263432580035,0.7270550834203585,0.6186463569588287,1.7802903014121323,0.6419541585822841,0.40289937756813743,0.0,5.551115123125783e-17,5.551115123125783e-17,1.1102230246251565e-16,1.1102230246251565e-16,0.0,0.0,0.0,0.0,0.0,0.0
Argentina,Egypt,0.7814602266869598,0.13345527531138923,0.8703137656647321,0.6657926318045619,2.3145481281096534,0.6283526932807426,0.40554071855344576,0.0,0.0,2.7755575615628914e-17,1.1102230246251565e-16,1.1102230246251565e-16,0.0,0.0,0.0,0.0,0.0,0.0
Argentina,England,0.4307055619131697,0.29258333405367726,0.5842077517622153,0.5246443388360736,1.5417471487346845,1.2971457082579032,0.3952559582923776,5.551115123125783e-17,0.0,5.551115123125783e-17,1.1102230246251565e-16,0.0,0.0,0.0,0.0,0.0,0.0,0.0
Argentina,France,0.40139644521976164,0.2883968176577881,0.5409556535451691,0.4839138290735526,1.3677962865420716,1.5282928851072795,0.39120057821657983,1.1102230246251565e-16,0.0,5.551115123125783e-17,1.1102230246251565e-16,0.0,0.0,0.0,0.0,0.0,0.0,0.0
Argentina,Germany,0.5743536034185694,0.2575449013877412,0.7203816043028562,0.5670001622918462,1.9081562654925623,1.2233417041794419,0.39907554809638884,0.0,0.0,5.551115123125783e-17,1.1102230246251565e-16,0.0,0.0,0.0,0.0,0.0,0.0,0.0
Argentina,Ghana,0.8621361835856669,0.0878796654799315,0.9218048465601509,0.6789814532021652,2.2336872378379935,0.45352949246246904,0.3996210154615579,0.0,0.0,5.551115123125783e-17,0.0,1.1102230246251565e-16,0.0,0.0,0.0,0.0,0.0,0.0
Argentina,Japan,0.6312689046265272,0.22893872946990598,0.768651583004914,0.6000849165909508,1.9750374370298276,0.9669206752052122,0.4055902531573006,1.1102230246251565e-16,0.0,2.7755575615628914e-17,1.1102230246251565e-16,1.1102230246251565e-16,0.0,0.0,0.0,0.0,0.0,0.0
Argentina,Mexico,0.6734816892182137,0.2072638237748574,0.7956667810633634,0.5895148010869211,1.7045454995170006,0.83798013712718,0.4007111712927459,1.1102230246251565e-16,0.0,5.551115123125783e-17,1.1102230246251565e-16,0.0,0.0,0.0,0.0,0.0,0.0,0.0
Argentina,Morocco,0.630167049465302,0.2302702356049635,0.7691897788922167,0.6037372961454427,1.9172701565367958,0.8856851431786695,0.40476239824372795,0.0,0.0,2.7755575615628914e-17,1.1102230246251565e-16,0.0,0.0,0.0,0.0,0.0,0.0,0.0
Argentina,Netherlands,0.5085221388339465,0.28339469712860793,0.6643905759921305,0.5500047768623174,1.7782921848855844,1.2715614556247294,0.39972261724711744,0.0,5.551115123125783e-17,2.7755575615628914e-17,0.0,0.0,0.0,0.0,0.0,0.0,0.0,0.0
Argentina,Norway,0.6056148679266055,0.24600730622897,0.7558453406459995,0.6106748414194165,2.109404733706408,0.9779903319931428,0.3995439240400429,1.1102230246251565e-16,0.0,2.7755575615628914e-17,0.0,0.0,0.0,0.0,0.0,0.0,0.0,0.0
Argentina,Paraguay,0.6459911714145647,0.25164602049801094,0.806269620119687,0.6369202596088305,1.9455607460855329,0.610853497875721,0.39787385927442387,0.0,0.0,8.326672684688674e-17,1.1102230246251565e-16,0.0,0.0,0.0,0.0,0.0,0.0,0.0
Argentina,Portugal,0.47615130099123754,0.29083453257163006,0.634035967612656,0.5428676753938525,1.6636234904644307,1.2354445545646042,0.3976848724941931,1.1102230246251565e-16,5.551115123125783e-17,2.7755575615628914e-17,1.1102230246251565e-16,0.0,0.0,0.0,0.0,0.0,0.0,0.0
Argentina,Senegal,0.6891761380766653,0.19527377371904567,0.8123133001899641,0.6305873019613221,2.2526395248578193,0.9053438698700202,0.4012686919686774,0.0,0.0,2.7755575615628914e-17,0.0,0.0,0.0,0.0,0.0,0.0,0.0,0.0
Argentina,South Africa,0.8408652299086863,0.10638062478351598,0.9172967606161482,0.7184722863115316,2.493137923681803,0.2818793971554182,0.39215962476602795,0.0,0.0,4.85722573273506e-17,0.0,0.0,0.0,0.0,0.0,0.0,0.0,0.0
Argentina,Spain,0.30570492718057884,0.29753227530525744,0.44483879532359016,0.46762613568650646,1.1464835445392365,1.4607739852990451,0.389530739211286,1.6653345369377348e-16,5.551115123125783e-17,5.551115123125783e-17,2.220446049250313e-16,0.0,0.0,0.0,2.220446049250313e-16,0.0,0.0,0.0
Argentina,Sweden,0.783087874416977,0.1481702422039506,0.8811518370757183,0.6618330455568809,2.513852393173617,0.80984058433793,0.4012391884574309,0.0,0.0,1.3877787807814457e-17,0.0,1.1102230246251565e-16,0.0,0.0,0.0,0.0,0.0,0.0
Argentina,Switzerland,0.6116195833661222,0.243201409215815,0.7579520514510948,0.6016925171478686,1.8821012486879733,0.8754834170117533,0.39295476249013694,0.0,0.0,0.0,1.1102230246251565e-16,0.0,0.0,0.0,0.0,0.0,0.0,0.0
Argentina,USA,0.7640414416355065,0.14883442847263104,0.8595627209081246,0.6417955862287827,2.2000508868053488,0.761296160008241,0.39874729058317004,0.0,2.7755575615628914e-17,2.7755575615628914e-17,1.1102230246251565e-16,2.220446049250313e-16,0.0,0.0,0.0,0.0,0.0,0.0
Belgium,Algeria,0.4806113517250653,0.2821500249212772,0.6441148265038504,0.5794912647071511,1.8965339617517245,1.0938016206886654,0.41143949374559663,5.551115123125783e-17,5.551115123125783e-17,8.326672684688674e-17,1.1102230246251565e-16,0.0,0.0,0.0,0.0,0.0,0.0,0.0
Belgium,Argentina,0.12096841018974563,0.23891733098950346,0.2169099381955064,0.4015678879736683,0.9466220315486383,1.9319899570663583,0.3983543230319985,0.0,0.0,0.0,0.0,0.0,0.0,0.0,0.0,0.0,0.0,0.0
Belgium,Australia,0.4737614500664521,0.2861552076906286,0.6376287265858605,0.5726517362443756,1.6593554322575568,0.9522178836306455,0.41346513363226195,0.0,5.551115123125783e-17,5.551115123125783e-17,0.0,0.0,0.0,0.0,0.0,0.0,0.0,0.0
Belgium,Austria,0.4212267792494999,0.28869940220177553,0.5794811246085824,0.5481630517837948,1.6725039611918167,1.192842479973921,0.41260374811602685,0.0,0.0,0.0,0.0,1.1102230246251565e-16,0.0,0.0,0.0,0.0,0.0,0.0
Belgium,Bosnia and Herzegovina,0.6630162693147519,0.23299957143653305,0.8146411457231584,0.6507517394713651,2.193024752337719,0.6747876470409339,0.40407562477126047,1.1102230246251565e-16,0.0,1.3877787807814457e-17,0.0,1.1102230246251565e-16,0.0,0.0,0.0,0.0,0.0,0.0
Belgium,Brazil,0.2501479938093427,0.28840482729975175,0.3766868574053356,0.43875431899229456,1.1321488808453928,1.7431361741055877,0.4104038988966986,0.0,0.0,0.0,0.0,1.1102230246251565e-16,2.220446049250313e-16,0.0,0.0,0.0,0.0,0.0
Belgium,Canada,0.48142833065649204,0.2829309152076587,0.6429112894965016,0.5707504912338345,1.7182943548761591,1.0211375070746032,0.40587326810239377,1.1102230246251565e-16,0.0,5.551115123125783e-17,1.1102230246251565e-16,0.0,0.0,0.0,0.0,0.0,0.0,0.0
Belgium,Cape Verde Islands,0.6794185106664158,0.19763956357485885,0.8061937836036304,0.6414468370812638,1.8851714381578504,0.525539893743012,0.3987575449589454,1.1102230246251565e-16,0.0,5.551115123125783e-17,1.1102230246251565e-16,0.0,0.0,0.0,0.0,0.0,0.0,0.0
Belgium,Colombia,0.23151408359395428,0.27815788689388704,0.3635727209443531,0.47476143432444595,1.2222663166108534,1.469253498452622,0.4087721773508369,8.326672684688674e-17,5.551115123125783e-17,5.551115123125783e-17,0.0,2.220446049250313e-16,0.0,0.0,0.0,2.220446049250313e-16,0.0,0.0
Belgium,Congo DR,0.6407367667542531,0.21970212708939074,0.7746059327443731,0.6093212103297128,1.8959288321781598,0.8175045489888905,0.40765306646919763,1.1102230246251565e-16,2.7755575615628914e-17,5.551115123125783e-17,1.1102230246251565e-16,2.220446049250313e-16,0.0,0.0,0.0,0.0,0.0,0.0
Belgium,Croatia,0.2962762704508377,0.2964461927081118,0.4463333093952284,0.5061864265267881,1.4429860616532488,1.381685296673606,0.41234558664537924,5.551115123125783e-17,5.551115123125783e-17,5.551115123125783e-17,1.1102230246251565e-16,2.220446049250313e-16,0.0,0.0,0.0,0.0,0.0,0.0
Belgium,Côte d'Ivoire,0.5742728093222677,0.24377319444930165,0.7170932284945932,0.5858741749476004,1.7854848108589085,0.9394450175450636,0.4153010511479984,0.0,0.0,5.551115123125783e-17,0.0,1.1102230246251565e-16,0.0,0.0,0.0,0.0,0.0,0.0
Belgium,Ecuador,0.31159222316963636,0.28121754136392463,0.46191282055869587,0.5345349250263484,1.3858975672195222,1.0560475566701029,0.41291461597365464,0.0,0.0,0.0,1.1102230246251565e-16,0.0,0.0,0.0,0.0,0.0,0.0,0.0
Belgium,Egypt,0.5786226685469701,0.243812395130346,0.7233118937990672,0.5934449115056026,1.8560902222989948,0.9294073782913337,0.41555595695896297,1.1102230246251565e-16,0.0,2.7755575615628914e-17,0.0,0.0,0.0,0.0,0.0,0.0,0.0,0.0
Belgium,England,0.2153693943066561,0.2724126042193409,0.33419771461025644,0.4362071301514458,1.0924716446667724,1.7255178399930942,0.4052711966978948,0.0,0.0,0.0,5.551115123125783e-17,0.0,0.0,0.0,0.0,0.0,0.0,0.0
Belgium,France,0.14639955360579107,0.27478712749890616,0.25201059820361704,0.3843376709785883,0.8979947473876808,2.0677559251801108,0.40121581662209704,5.551115123125783e-17,0.0,1.1102230246251565e-16,0.0,0.0,0.0,0.0,0.0,0.0,0.0,0.0
Belgium,Germany,0.2866233360817655,0.2946533396485397,0.4232004556072986,0.4635179756945611,1.3248628437561536,1.6932422691168985,0.40909078650190606,5.551115123125783e-17,5.551115123125783e-17,5.551115123125783e-17,1.1102230246251565e-16,2.220446049250313e-16,0.0,0.0,0.0,2.220446049250313e-16,0.0,0.0
Belgium,Ghana,0.6706395943875607,0.19163946695139672,0.7887787034203925,0.6164654437428276,1.8287247095232042,0.6996316877115256,0.40963625386707514,1.1102230246251565e-16,2.7755575615628914e-17,2.7755575615628914e-17,1.1102230246251565e-16,0.0,0.0,0.0,2.220446049250313e-16,0.0,0.0,0.0
Belgium,Japan,0.3579629247439058,0.2959868184516331,0.507203320880765,0.5042129812319546,1.468416228237459,1.4263924220215527,0.4156054915628178,0.0,0.0,0.0,0.0,0.0,0.0,0.0,0.0,0.0,0.0,0.0
Belgium,Mexico,0.4247939191188691,0.2910856305548146,0.5726276277081094,0.5078701697073348,1.321013406672605,1.2449556947355904,0.41072640969826313,5.551115123125783e-17,0.0,5.551115123125783e-17,0.0,1.1102230246251565e-16,0.0,0.0,0.0,0.0,0.0,0.0
Belgium,Morocco,0.3669098224358606,0.2751358433453206,0.5072039645673518,0.5099086343156286,1.4363357069509894,1.33861371575495,0.41477763664924516,0.0,0.0,0.0,0.0,0.0,0.0,0.0,0.0,0.0,0.0,0.0
Belgium,Netherlands,0.2651253372460577,0.2943721537642773,0.3986119411853574,0.4534620623328083,1.268775688234692,1.7384283895040515,0.40973785565263465,0.0,0.0,0.0,5.551115123125783e-17,0.0,0.0,0.0,0.0,0.0,0.0,0.0
Belgium,Norway,0.3594301953588404,0.28939490461313777,0.5082173295786607,0.5141318380111719,1.5665769995482497,1.4243258644515464,0.4095591624455601,5.551115123125783e-17,5.551115123125783e-17,5.551115123125783e-17,1.1102230246251565e-16,0.0,0.0,0.0,2.220446049250313e-16,0.0,0.0,0.0
Belgium,Paraguay,0.4542115430582266,0.27606491054109833,0.6098934068999795,0.5639320967543837,1.589793773468762,0.971005651348704,0.4078890976799411,0.0,0.0,0.0,0.0,0.0,0.0,0.0,0.0,0.0,0.0,0.0
Belgium,Portugal,0.25027993783756797,0.295061833000114,0.38341351507903065,0.451205687593662,1.1966142652645766,1.6832464037060746,0.4077001108997103,5.551115123125783e-17,0.0,5.551115123125783e-17,0.0,0.0,0.0,0.0,0.0,0.0,0.0,0.0
Belgium,Senegal,0.3896784601074796,0.2851200663705002,0.539474626694735,0.525379249851192,1.6870141256415345,1.428527169582176,0.41128393037419464,0.0,5.551115123125783e-17,1.1102230246251565e-16,0.0,0.0,0.0,0.0,0.0,2.220446049250313e-16,0.0,0.0
Belgium,South Africa,0.6828228483712765,0.18675252066860895,0.80603058535926,0.6597380134248083,2.073515189543222,0.50703334867809,0.40217486317154516,0.0,2.7755575615628914e-17,0.0,0.0,0.0,0.0,0.0,0.0,0.0,0.0,0.0
Belgium,Spain,0.11029460347822885,0.21920504633195248,0.1940520409918342,0.3820963016826152,0.7625946268701593,1.9238138278827506,0.3995459776168032,2.7755575615628914e-17,5.551115123125783e-17,1.1102230246251565e-16,5.551115123125783e-17,1.1102230246251565e-16,0.0,0.0,0.0,0.0,0.0,0.0
Belgium,Sweden,0.5318108060996716,0.2765294697016169,0.690649486407741,0.5744005529662384,1.899840656203882,1.1450107551210262,0.4112544268629481,0.0,0.0,0.0,0.0,0.0,0.0,0.0,0.0,0.0,0.0,0.0
Belgium,Switzerland,0.35878870976322136,0.2974733124472316,0.5108557462850334,0.5111955599337571,1.3914768916604374,1.2821346797874547,0.40297000089565416,5.551115123125783e-17,0.0,5.551115123125783e-17,1.1102230246251565e-16,0.0,0.0,0.0,0.0,0.0,0.0,0.0
Belgium,USA,0.4818335144705258,0.29494427186196287,0.6444949739647032,0.5514989610318818,1.6968663338454286,1.183178168126712,0.40876252898868726,5.551115123125783e-17,0.0,2.7755575615628914e-17,0.0,0.0,0.0,0.0,0.0,0.0,0.0,0.0
Brazil,Algeria,0.6731100913347204,0.21175298726468025,0.8108683475821845,0.6505610996423554,2.3529252751093352,0.7959473128269968,0.41347383120477954,0.0,0.0,0.0,0.0,0.0,0.0,0.0,0.0,0.0,0.0,0.0
Brazil,Argentina,0.23454475586555387,0.2969546568456157,0.37527657254506275,0.47391685375277404,1.227116005814579,1.482829367004921,0.40038866049118144,2.7755575615628914e-17,5.551115123125783e-17,0.0,1.1102230246251565e-16,0.0,0.0,0.0,0.0,0.0,0.0,0.0
Brazil,Australia,0.6300404642663864,0.2439998675220742,0.7842751715352551,0.6321097992191136,2.015547013640763,0.7073162794598907,0.41549947109144486,0.0,2.7755575615628914e-17,8.326672684688674e-17,1.1102230246251565e-16,0.0,0.0,0.0,0.0,0.0,0.0,0.0
Brazil,Austria,0.5543884877644658,0.2717569034063916,0.7212944857142288,0.614173902696293,2.1176010872136932,0.9518536797713912,0.41463808557520976,1.1102230246251565e-16,5.551115123125783e-17,5.551115123125783e-17,0.0,0.0,0.0,0.0,1.1102230246251565e-16,0.0,0.0,0.0
Brazil,Belgium,0.4614471788909056,0.28840482729975175,0.6233131425946644,0.5612456810077053,1.7431361741055877,1.1321488808453926,0.4104038988966986,0.0,0.0,0.0,0.0,1.1102230246251565e-16,0.0,2.220446049250313e-16,0.0,0.0,0.0,0.0
Brazil,Bosnia and Herzegovina,0.7627483822369631,0.17192218509318208,0.8834740374037862,0.7022110328657679,2.668743520068984,0.5430405606620569,0.4061099622304434,0.0,0.0,0.0,0.0,0.0,0.0,0.0,0.0,0.0,0.0,0.0
Brazil,Canada,0.6274292837079641,0.23350640867465478,0.7750439095244843,0.6321652011795192,2.0800012464974924,0.7567129927951316,0.4079076055615767,0.0,0.0,2.7755575615628914e-17,0.0,1.1102230246251565e-16,0.0,0.0,0.0,0.0,0.0,0.0
Brazil,Cape Verde Islands,0.7924131758713099,0.1407347081292067,0.8892397938124809,0.6880080914530031,2.2226461920991087,0.36737894090442946,0.4007918824181283,2.220446049250313e-16,2.7755575615628914e-17,2.7755575615628914e-17,1.1102230246251565e-16,0.0,0.0,0.0,2.220446049250313e-16,0.0,0.0,0.0
Brazil,Colombia,0.3806337031253328,0.29395430651915,0.5411557048765008,0.5460780746912126,1.5172937973622471,1.0705673537738043,0.4108065148100198,5.551115123125783e-17,0.0,5.551115123125783e-17,1.1102230246251565e-16,0.0,0.0,0.0,0.0,0.0,0.0,0.0
Brazil,Congo DR,0.7813615147448202,0.14238470842334605,0.8759013426459541,0.6639745865127801,2.259469504324602,0.6048320543353033,0.40968740392838054,0.0,0.0,4.163336342344337e-17,1.1102230246251565e-16,1.1102230246251565e-16,0.0,0.0,0.0,0.0,0.0,0.0
Brazil,Croatia,0.43597530205737633,0.2835448292749841,0.5986516764934185,0.5737236501614258,1.8508667419155054,1.1088595909027519,0.41437992410456215,5.551115123125783e-17,5.551115123125783e-17,0.0,1.1102230246251565e-16,0.0,4.440892098500626e-16,2.220446049250313e-16,2.220446049250313e-16,0.0,0.0,0.0
Brazil,Côte d'Ivoire,0.744276433150625,0.162323960963924,0.8492329489199328,0.6465867093560764,2.1672324386263426,0.6930136517435719,0.41733538860718133,0.0,0.0,0.0,1.1102230246251565e-16,2.220446049250313e-16,0.0,0.0,0.0,0.0,0.0,0.0
Brazil,Ecuador,0.4516668141897183,0.29483456170148903,0.6275746673329718,0.5966324033657726,1.6819748261255252,0.7556410039967201,0.41494895343283755,5.551115123125783e-17,0.0,0.0,1.1102230246251565e-16,2.220446049250313e-16,0.0,0.0,0.0,0.0,0.0,0.0
Brazil,Egypt,0.7363662266926674,0.16549797180466463,0.844326796479404,0.652337721178609,2.2302684882711072,0.6881961596907757,0.4175902944181459,0.0,0.0,1.3877787807814457e-17,0.0,1.1102230246251565e-16,0.0,0.0,0.0,0.0,0.0,0.0
Brazil,England,0.31913182050342975,0.2858961014843867,0.4616309157740254,0.49842965514651383,1.4321161894269039,1.4477579430474368,0.4073055341570777,5.551115123125783e-17,5.551115123125783e-17,5.551115123125783e-17,0.0,1.1102230246251565e-16,0.0,0.0,0.0,0.0,0.0,0.0
Brazil,France,0.24964456105242888,0.2852022304815079,0.3772006876223727,0.44724799786660274,1.2049637295647193,1.7341231041120748,0.40325015408127995,0.0,0.0,0.0,1.1102230246251565e-16,0.0,0.0,0.0,0.0,0.0,0.0,0.0
Brazil,Germany,0.4438160290648339,0.29145987080109725,0.600735336297002,0.5383907801813839,1.7636573133488358,1.3717610484055784,0.41112512396108897,0.0,0.0,1.1102230246251565e-16,1.1102230246251565e-16,0.0,0.0,0.0,0.0,0.0,0.0,0.0
Brazil,Ghana,0.7796564329258461,0.15095582619615594,0.8800487004809736,0.6650440071433563,2.1744740419224344,0.5338205839172463,0.41167059132625805,1.1102230246251565e-16,2.7755575615628914e-17,1.3877787807814457e-17,1.1102230246251565e-16,2.220446049250313e-16,0.0,0.0,2.220446049250313e-16,0.0,0.0,0.0
Brazil,Japan,0.5041661666005703,0.28725954724317004,0.6689733739921181,0.5737222973899476,1.850580518962971,1.1086234163566016,0.4176398290220007,0.0,0.0,2.7755575615628914e-17,1.1102230246251565e-16,0.0,0.0,2.220446049250313e-16,0.0,0.0,0.0,0.0
Brazil,Mexico,0.5206528787849248,0.26606426025056623,0.6695122722456408,0.5594866192119436,1.577119705153173,1.0005602423211866,0.41276074715744604,0.0,0.0,2.7755575615628914e-17,1.1102230246251565e-16,0.0,0.0,0.0,0.0,0.0,0.0,0.0
Brazil,Morocco,0.5423944976590435,0.26138289221037087,0.6948022634352091,0.5830824063783873,1.82220616854718,0.9964592672802964,0.4168119741084281,1.1102230246251565e-16,5.551115123125783e-17,5.551115123125783e-17,0.0,1.1102230246251565e-16,0.0,0.0,1.1102230246251565e-16,0.0,0.0,0.0
Brazil,Netherlands,0.3997991167072033,0.2832579068571844,0.5477415970460047,0.5222889697246557,1.6494470020636203,1.4233423437964634,0.41177219311181756,5.551115123125783e-17,0.0,5.551115123125783e-17,2.220446049250313e-16,0.0,0.0,0.0,0.0,0.0,0.0,0.0
Brazil,Norway,0.46059989628837794,0.29228684211165246,0.6294770511444334,0.5777788477783926,1.9464799842942382,1.1531486866854344,0.41159349990474303,0.0,5.551115123125783e-17,5.551115123125783e-17,0.0,0.0,0.0,0.0,0.0,0.0,0.0,0.0
Brazil,Paraguay,0.526458391561687,0.2925520763130648,0.705476095359668,0.6119173928077384,1.8284254047142907,0.739707488075674,0.409923435139124,0.0,0.0,2.7755575615628914e-17,1.1102230246251565e-16,0.0,2.220446049250313e-16,1.1102230246251565e-16,0.0,0.0,0.0,0.0
Brazil,Portugal,0.37539156375344634,0.29567189779975794,0.5284656916851871,0.5177161883521622,1.5503953023911787,1.3731727754630596,0.4097344483588932,1.1102230246251565e-16,5.551115123125783e-17,1.1102230246251565e-16,1.1102230246251565e-16,1.1102230246251565e-16,0.0,0.0,0.0,0.0,0.0,0.0
Brazil,Senegal,0.5825042181734535,0.24125677668546916,0.7284982165774662,0.605139471768487,2.131628609795602,1.0483178867146399,0.41331826783337755,1.1102230246251565e-16,0.0,2.7755575615628914e-17,1.1102230246251565e-16,0.0,0.0,0.0,0.0,0.0,0.0,0.0
Brazil,South Africa,0.7909411231325865,0.13427773476879348,0.8856400877316539,0.7052469626638039,2.4310999826832598,0.3575494478233479,0.40420920063072807,0.0,0.0,1.3877787807814457e-17,1.1102230246251565e-16,2.220446049250313e-16,0.0,0.0,0.0,0.0,0.0,0.0
Brazil,Spain,0.22043399628872576,0.26725120367239025,0.33941983713607304,0.4452209726741062,1.0603942698512314,1.5952503087848482,0.4015803150759861,0.0,5.551115123125783e-17,1.1102230246251565e-16,2.220446049250313e-16,0.0,0.0,0.0,0.0,2.220446049250313e-16,0.0,0.0
Brazil,Sweden,0.7098477150389692,0.19612505290133952,0.8363030687830921,0.6447689975014876,2.4058568791405155,0.8899580145082647,0.413288764322131,0.0,5.551115123125783e-17,2.7755575615628914e-17,0.0,1.1102230246251565e-16,0.0,0.0,0.0,0.0,0.0,0.0
Brazil,Switzerland,0.47020423403524103,0.28902612178698284,0.6353635554997265,0.5714338913152309,1.7417701782484776,1.0352892065858197,0.40500433835483707,5.551115123125783e-17,0.0,2.7755575615628914e-17,1.1102230246251565e-16,0.0,0.0,0.0,0.0,0.0,0.0,0.0
Brazil,USA,0.619499680907822,0.2391752892413016,0.7661186070196255,0.6130187051383937,2.053048215644914,0.9106225844803221,0.41079686644787017,0.0,5.551115123125783e-17,5.551115123125783e-17,0.0,0.0,0.0,0.0,0.0,0.0,0.0,0.0
Colombia,Algeria,0.6619372869570496,0.21794471181182032,0.7946247701066655,0.6088125839189076,2.0000285574438177,0.9065859109238129,0.4118421096589178,0.0,0.0,1.3877787807814457e-17,0.0,2.220446049250313e-16,0.0,0.0,0.0,0.0,0.0,0.0
Colombia,Argentina,0.22849828313013945,0.29625256239070674,0.3562516989223079,0.43123142889033794,0.9402118618721349,1.6050034678055323,0.39875693894531966,5.551115123125783e-17,0.0,0.0,0.0,0.0,0.0,0.0,0.0,0.0,0.0,0.0
Colombia,Australia,0.6282516584379796,0.2340309814132954,0.7674748467469207,0.594892126966194,1.7232192445748784,0.8054006415833751,0.4138677495455831,0.0,5.551115123125783e-17,5.551115123125783e-17,0.0,0.0,0.0,0.0,0.0,0.0,0.0,0.0
Colombia,Austria,0.5849334080645594,0.25391313288372813,0.7315727183815246,0.5775176283777108,1.810158775704885,1.037918711571194,0.4130063640293481,0.0,5.551115123125783e-17,8.326672684688674e-17,0.0,1.1102230246251565e-16,0.0,0.0,0.0,0.0,0.0,0.0
Colombia,Belgium,0.49032802951215865,0.2781578868938871,0.6364272790556469,0.5252385656755538,1.469253498452622,1.2222663166108534,0.4087721773508369,5.551115123125783e-17,5.551115123125783e-17,8.326672684688674e-17,0.0,2.220446049250313e-16,0.0,0.0,2.220446049250313e-16,0.0,0.0,0.0
Colombia,Bosnia and Herzegovina,0.7841914103452632,0.15262816119701525,0.886077134847727,0.6675421082414,2.327924136888035,0.6222042067822185,0.40447824068458166,0.0,0.0,2.7755575615628914e-17,0.0,0.0,0.0,0.0,0.0,0.0,0.0,0.0
Colombia,Brazil,0.32541199035551727,0.29395430651915,0.45884429512349933,0.4539219253087875,1.0705673537738043,1.5172937973622471,0.41080651481001984,5.551115123125783e-17,0.0,5.551115123125783e-17,1.1102230246251565e-16,0.0,0.0,0.0,0.0,0.0,0.0,0.0
Colombia,Canada,0.6009872135507681,0.23453774408487765,0.7389032735182608,0.5880335402116844,1.7496851158039544,0.8894222752751513,0.406275884015715,1.1102230246251565e-16,5.551115123125783e-17,2.7755575615628914e-17,0.0,0.0,0.0,1.1102230246251565e-16,0.0,0.0,0.0,0.0
Colombia,Cape Verde Islands,0.7847382752631697,0.13929898661653423,0.8758078325077052,0.6537704218569373,1.9410227902447343,0.4614005979912319,0.3991601608722666,0.0,0.0,2.7755575615628914e-17,1.1102230246251565e-16,0.0,0.0,0.0,0.0,0.0,0.0,0.0
Colombia,Congo DR,0.7735344214694015,0.14278833941219188,0.8629872675477537,0.6264716464005202,1.9553182238663065,0.7108124723471193,0.40805568238251877,1.1102230246251565e-16,5.551115123125783e-17,2.7755575615628914e-17,2.220446049250313e-16,0.0,0.0,0.0,0.0,0.0,0.0,0.0
Colombia,Croatia,0.3872202445628595,0.29418764890117116,0.5407701968464536,0.5219456114392397,1.4823682551461825,1.2664333773150416,0.41274820255870037,5.551115123125783e-17,0.0,5.551115123125783e-17,0.0,2.220446049250313e-16,2.220446049250313e-16,2.220446049250313e-16,0.0,0.0,0.0,0.0
Colombia,Côte d'Ivoire,0.7336493434500735,0.16416564934937683,0.8334827237573391,0.6081258820156739,1.8606711046400557,0.799692994103546,0.41570366706131956,1.1102230246251565e-16,2.7755575615628914e-17,2.7755575615628914e-17,0.0,0.0,0.0,0.0,0.0,0.0,0.0,0.0
Colombia,Ecuador,0.4295942418157256,0.29962496793719634,0.595804627576796,0.5547280886014457,1.3718401647882117,0.8597219335559543,0.41331723188697583,5.551115123125783e-17,5.551115123125783e-17,5.551115123125783e-17,1.1102230246251565e-16,0.0,0.0,0.0,2.220446049250313e-16,0.0,0.0,0.0
Colombia,Egypt,0.7299304508366206,0.16519281810924477,0.8313816327679957,0.6141379697529207,1.9198784970824276,0.7933248353757281,0.41595857287228416,0.0,0.0,0.0,0.0,1.1102230246251565e-16,0.0,0.0,0.0,0.0,0.0,0.0
Colombia,England,0.28862541504406514,0.2962924376394459,0.422333411322845,0.4512703643198861,1.1083705842058578,1.5857917744419243,0.40567381261121593,5.551115123125783e-17,0.0,1.1102230246251565e-16,5.551115123125783e-17,0.0,0.0,0.0,0.0,0.0,0.0,0.0
Colombia,France,0.2658044777709878,0.291869794053136,0.38539354810421167,0.4097343156772577,0.9508371453195273,1.846756746640875,0.4016184325354182,5.551115123125783e-17,0.0,1.1102230246251565e-16,1.1102230246251565e-16,0.0,0.0,0.0,0.0,0.0,0.0,0.0
Colombia,Germany,0.4086732424601663,0.2861204722324555,0.5479139486429949,0.4866506234118893,1.4104664203446542,1.5443884996769024,0.40949340241522725,1.1102230246251565e-16,0.0,5.551115123125783e-17,0.0,2.220446049250313e-16,0.0,0.0,0.0,0.0,0.0,0.0
Colombia,Ghana,0.75256317746469,0.1532042494011109,0.8486037324254373,0.62687918472352,1.8760371444976445,0.6452431918747129,0.4100388697803964,0.0,2.7755575615628914e-17,0.0,1.1102230246251565e-16,2.220446049250313e-16,0.0,0.0,0.0,0.0,0.0,0.0
Colombia,Japan,0.49571036999574025,0.2871927331964025,0.6482582705528985,0.5311690823765911,1.5450690069272706,1.237312044438114,0.416008107476139,0.0,0.0,2.7755575615628914e-17,0.0,0.0,0.0,0.0,0.0,0.0,0.0,0.0
Colombia,Mexico,0.5406542538290434,0.2527528651654413,0.6734805359578935,0.5255184032905327,1.341570435926937,1.097963525467796,0.41112902561158426,1.1102230246251565e-16,5.551115123125783e-17,1.1102230246251565e-16,1.1102230246251565e-16,1.1102230246251565e-16,0.0,0.0,1.1102230246251565e-16,0.0,0.0,0.0
Colombia,Morocco,0.5204464842763306,0.27429415545388003,0.6686714033408867,0.5403867203050148,1.5193132323599687,1.1256677590287933,0.41518025256256635,0.0,5.551115123125783e-17,5.551115123125783e-17,1.1102230246251565e-16,1.1102230246251565e-16,0.0,0.0,2.220446049250313e-16,0.0,0.0,0.0
Colombia,Netherlands,0.3460529201982488,0.2878846785854468,0.4806234933300193,0.4674461099944529,1.2920822152066385,1.6174300446089922,0.4101404715659558,0.0,0.0,0.0,1.1102230246251565e-16,1.1102230246251565e-16,0.0,0.0,0.0,0.0,0.0,0.0
Colombia,Norway,0.4776811982876207,0.27825504174501736,0.6269596486451245,0.5364806668778966,1.6279753867171378,1.2639353598903322,0.40996177835888137,0.0,0.0,0.0,0.0,1.1102230246251565e-16,0.0,0.0,0.0,0.0,0.0,0.0
Colombia,Paraguay,0.5263993807043907,0.29387829183223935,0.6953382317561203,0.5748599190448829,1.538485056337441,0.8273838210834462,0.40829171359326233,1.1102230246251565e-16,0.0,2.7755575615628914e-17,0.0,0.0,0.0,0.0,0.0,0.0,0.0,0.0
Colombia,Portugal,0.3532572709130801,0.26856326140807535,0.47881875165524324,0.46753036913479934,1.224358332784934,1.5445570446834749,0.40810272681303145,1.1102230246251565e-16,0.0,1.1102230246251565e-16,0.0,0.0,0.0,0.0,0.0,0.0,0.0,0.0
Colombia,Senegal,0.5552770001994372,0.2523393092063153,0.695961433493735,0.5575208782840595,1.7764109860923156,1.1973742314557627,0.4116865462875158,1.1102230246251565e-16,5.551115123125783e-17,5.551115123125783e-17,0.0,0.0,0.0,0.0,1.1102230246251565e-16,0.0,0.0,0.0
Colombia,South Africa,0.77858022777343,0.13902795096519588,0.8717918587397193,0.6704524544825079,2.11980363213324,0.44733279571029394,0.4025774790848664,0.0,0.0,1.3877787807814457e-17,0.0,2.220446049250313e-16,0.0,0.0,0.0,0.0,0.0,0.0
Colombia,Spain,0.16019057445552853,0.27809560548372464,0.27021412048192184,0.39563209147090367,0.7587066458855252,1.7690692993597594,0.39994859353012435,0.0,0.0,0.0,1.1102230246251565e-16,0.0,0.0,0.0,0.0,0.0,0.0,0.0
Colombia,Sweden,0.7344291889193633,0.16995355407571372,0.8374608706776766,0.6062343463109522,2.0694909145235707,0.9871390990249452,0.41165704277626936,1.1102230246251565e-16,0.0,2.7755575615628914e-17,1.1102230246251565e-16,0.0,0.0,0.0,0.0,0.0,0.0,0.0
Colombia,Switzerland,0.4752313199457583,0.28677076989398137,0.6277430649315248,0.5318245825477601,1.453152595671463,1.1444911786543372,0.40337261680897535,0.0,0.0,0.0,0.0,2.220446049250313e-16,0.0,0.0,0.0,0.0,0.0,0.0
Colombia,USA,0.6419088542296216,0.22572883793337745,0.7721467579308364,0.5769661727477362,1.7670379002513301,1.0058229791604554,0.4091651449020084,1.1102230246251565e-16,0.0,8.326672684688674e-17,1.1102230246251565e-16,0.0,0.0,0.0,0.0,0.0,0.0,0.0
England,Algeria,0.6808718019979046,0.2047840492469102,0.8134825581629579,0.6475638930508846,2.335486734283086,0.8106592986333809,0.4083411290059757,0.0,2.7755575615628914e-17,1.3877787807814457e-17,0.0,0.0,0.0,0.0,0.0,0.0,0.0,0.0
England,Argentina,0.2767111040331531,0.29258333405367726,0.4157922482377848,0.47535566116392647,1.2971457082579032,1.5417471487346845,0.3952559582923776,5.551115123125783e-17,0.0,5.551115123125783e-17,1.1102230246251565e-16,0.0,0.0,0.0,0.0,0.0,0.0,0.0
England,Australia,0.6440812057764613,0.23516382260303942,0.7922519951817912,0.6300747613524071,2.001420093815633,0.7145701668451454,0.410366768892641,0.0,0.0,1.3877787807814457e-17,1.1102230246251565e-16,2.220446049250313e-16,0.0,0.0,0.0,0.0,0.0,0.0
England,Austria,0.5824414922569381,0.26905877974279097,0.7474571743177745,0.6133071822394516,2.0641711754644363,0.9169111606615857,0.40950538337640596,0.0,0.0,0.0,0.0,0.0,0.0,0.0,0.0,0.0,0.0,0.0
England,Belgium,0.5122180014740031,0.2724126042193409,0.6658022853897436,0.5637928698485541,1.7255178399930942,1.0924716446667724,0.4052711966978948,0.0,0.0,0.0,0.0,0.0,0.0,0.0,0.0,0.0,0.0,0.0
England,Bosnia and Herzegovina,0.794002493230087,0.1559552614045936,0.9031911386883913,0.7001280012928641,2.571885343402612,0.49710469529082335,0.4009772600316395,0.0,2.7755575615628914e-17,6.938893903907228e-18,1.1102230246251565e-16,0.0,0.0,0.0,0.0,0.0,0.0,0.0
England,Brazil,0.39497207801218354,0.28589610148438677,0.5383690842259746,0.5015703448534861,1.4477579430474368,1.4321161894269039,0.4073055341570777,5.551115123125783e-17,5.551115123125783e-17,5.551115123125783e-17,0.0,1.1102230246251565e-16,0.0,0.0,0.0,0.0,0.0,0.0
England,Canada,0.6510076728196371,0.22864001964815306,0.7958258676319044,0.633389530997782,2.0794059536976297,0.745181139223171,0.4027749033627729,0.0,0.0,2.7755575615628914e-17,0.0,2.220446049250313e-16,0.0,0.0,0.0,0.0,0.0,0.0
England,Cape Verde Islands,0.8156313095249343,0.12848736272633335,0.9043792430244566,0.6907133247691255,2.213028441202333,0.3374926708508365,0.3956591802193245,0.0,0.0,1.3877787807814457e-17,0.0,0.0,0.0,0.0,0.0,0.0,0.0,0.0
England,Colombia,0.415082147316489,0.2962924376394459,0.577666588677155,0.5487296356801139,1.5857917744419243,1.1083705842058578,0.405673812611216,1.1102230246251565e-16,0.0,5.551115123125783e-17,0.0,0.0,0.0,0.0,0.0,0.0,0.0,0.0
England,Congo DR,0.7705197299512969,0.14919827526642493,0.8689795151817971,0.6599257602320101,2.229620162489763,0.6193822123634201,0.40455470172957664,0.0,0.0,4.163336342344337e-17,1.1102230246251565e-16,1.1102230246251565e-16,0.0,0.0,0.0,0.0,0.0,0.0
England,Croatia,0.4612504576698947,0.29364207245578566,0.6297497071530317,0.5738252971515458,1.81914511052534,1.0803135152908268,0.40924722190575835,0.0,0.0,8.326672684688674e-17,2.220446049250313e-16,0.0,0.0,0.0,0.0,0.0,0.0,0.0
England,Côte d'Ivoire,0.7423397575860544,0.16517974010677441,0.8485836325031884,0.64320161085407,2.146134942674175,0.7076266802552733,0.41220268640837743,0.0,5.551115123125783e-17,0.0,0.0,0.0,0.0,0.0,0.0,0.0,0.0,0.0
England,Ecuador,0.5086094721839796,0.2738416675104048,0.6738095636721287,0.6032686442134387,1.7667813611843612,0.7666178049098499,0.4098162512340337,0.0,0.0,0.0,1.1102230246251565e-16,1.1102230246251565e-16,0.0,0.0,0.0,0.0,0.0,0.0
England,Egypt,0.7382871900528701,0.16604998677946808,0.8461343894173251,0.6494863471906653,2.2081622681464914,0.6975162334506381,0.4124575922193421,1.1102230246251565e-16,2.7755575615628914e-17,0.0,1.1102230246251565e-16,0.0,0.0,0.0,2.220446049250313e-16,0.0,0.0,0.0
England,France,0.2856251587192546,0.29270978393724933,0.4176663667413668,0.4510994003890866,1.200849637281254,1.689005409174167,0.3981174518824761,0.0,0.0,5.551115123125783e-17,1.1102230246251565e-16,1.1102230246251565e-16,0.0,0.0,0.0,0.0,0.0,0.0
England,Germany,0.47529612751943284,0.2941839418026023,0.6335916240654716,0.5380834031119728,1.7381245244484351,1.3510174959695627,0.40599242176228517,5.551115123125783e-17,0.0,0.0,1.1102230246251565e-16,0.0,0.0,0.0,0.0,0.0,0.0,0.0
England,Ghana,0.7919184503890949,0.14116055249160317,0.8856443659382977,0.6639667661741258,2.1598729951158315,0.5327523929102594,0.40653788912745425,0.0,0.0,1.3877787807814457e-17,1.1102230246251565e-16,0.0,0.0,0.0,0.0,0.0,0.0,0.0
England,Japan,0.498785376800853,0.2920733577810644,0.6646519337417117,0.5678934847086972,1.834732809247466,1.1500988177691476,0.41250712682319685,5.551115123125783e-17,0.0,5.551115123125783e-17,0.0,0.0,0.0,0.0,0.0,0.0,0.0,0.0
England,Mexico,0.5631172950842755,0.26463179456788766,0.712172543822335,0.5632552542730134,1.5995462050968887,0.9858497247991946,0.40762804495864213,0.0,5.551115123125783e-17,5.551115123125783e-17,0.0,1.1102230246251565e-16,2.220446049250313e-16,0.0,0.0,0.0,0.0,0.0
England,Morocco,0.5439290185144825,0.2733025623143637,0.7024492434435686,0.5800173389766823,1.8152043282219918,1.018953136458006,0.4116792719096243,0.0,5.551115123125783e-17,2.7755575615628914e-17,1.1102230246251565e-16,0.0,0.0,0.0,0.0,0.0,0.0,0.0
England,Netherlands,0.42837118959084336,0.2949193568007654,0.582709323260209,0.5233231733026926,1.6319427687512909,1.3963125767345523,0.40663949091301377,0.0,5.551115123125783e-17,5.551115123125783e-17,0.0,0.0,0.0,0.0,0.0,0.0,0.0,0.0
England,Norway,0.49826809784402215,0.28371495380286677,0.6626596534793221,0.5794250653052424,1.915529018775374,1.1107750355466532,0.40646079770593924,1.6653345369377348e-16,5.551115123125783e-17,5.551115123125783e-17,1.1102230246251565e-16,1.1102230246251565e-16,0.0,2.220446049250313e-16,0.0,0.0,0.0,0.0
England,Paraguay,0.5822096870218696,0.27438311032991636,0.752418023547814,0.6203309537576385,1.9199284226193498,0.7377712668000251,0.4047907329403202,0.0,0.0,2.7755575615628914e-17,1.1102230246251565e-16,0.0,0.0,0.0,2.220446049250313e-16,0.0,0.0,0.0
England,Portugal,0.4232038440937561,0.2958867719727452,0.5776402954835445,0.5219444261063955,1.5489621387574308,1.3303370743714413,0.40460174616008937,5.551115123125783e-17,0.0,0.0,1.1102230246251565e-16,0.0,0.0,0.0,0.0,0.0,0.0,0.0
England,Senegal,0.582283461483425,0.2489433592783749,0.731976524111818,0.6013137408538075,2.116887557865363,1.0725464340108262,0.4081855656345737,1.1102230246251565e-16,0.0,8.326672684688674e-17,0.0,1.1102230246251565e-16,0.0,0.0,0.0,0.0,0.0,0.0
England,South Africa,0.7678898484667798,0.152669895918412,0.8749634272028809,0.7013404842649664,2.388927895030904,0.3638378512651018,0.3990764984319243,0.0,0.0,4.163336342344337e-17,1.1102230246251565e-16,2.220446049250313e-16,0.0,0.0,0.0,1.1102230246251565e-16,0.0,0.0
England,Spain,0.23851879603441076,0.29667220369090413,0.37141913371640756,0.44797030536929777,1.056250101381893,1.5623511258797378,0.3964476128771823,5.551115123125783e-17,0.0,0.0,1.1102230246251565e-16,0.0,0.0,0.0,0.0,0.0,0.0,0.0
England,Sweden,0.7229496855177577,0.1840218832825076,0.8404966987138691,0.6387664939590634,2.312524234677388,0.8751478047529919,0.4081560621233272,1.1102230246251565e-16,2.7755575615628914e-17,6.938893903907228e-17,2.220446049250313e-16,2.220446049250313e-16,0.0,0.0,0.0,0.0,0.0,0.0
England,Switzerland,0.5012897195489772,0.28924342483740956,0.6669039557532321,0.5725773586637295,1.7096210051050227,0.9966554140475616,0.3998716361560332,0.0,5.551115123125783e-17,2.7755575615628914e-17,0.0,0.0,0.0,0.0,0.0,0.0,0.0,0.0
England,USA,0.6611559445914633,0.22406447320466627,0.7993144029377319,0.6166013575033427,2.070175780455085,0.8912575668406948,0.4056641642490663,0.0,0.0,1.3877787807814457e-17,0.0,0.0,0.0,0.0,0.0,0.0,0.0,0.0
France,Algeria,0.696572621008832,0.17703074832377963,0.8185993505158193,0.6892968066982754,2.7251831195325678,0.7017749527300934,0.40428574893017794,0.0,2.7755575615628914e-17,0.0,0.0,0.0,0.0,0.0,0.0,0.0,0.0,0.0
France,Argentina,0.31020673712245034,0.2883968176577881,0.45904434645483105,0.5160861709264475,1.5282928851072795,1.3677962865420716,0.39120057821657983,5.551115123125783e-17,0.0,1.1102230246251565e-16,1.1102230246251565e-16,0.0,0.0,0.0,0.0,0.0,0.0,0.0
France,Australia,0.7083766736460811,0.18901616468689125,0.8362251753209218,0.6763892489651557,2.380566555353003,0.5799201523248557,0.40631138881684326,0.0,2.7755575615628914e-17,0.0,1.1102230246251565e-16,0.0,0.0,0.0,0.0,0.0,0.0,0.0
France,Austria,0.6600860937130697,0.2328661818407931,0.8151037640219404,0.6656942158086906,2.465526797129437,0.7385753533855826,0.4054500033006082,0.0,2.7755575615628914e-17,0.0,0.0,2.220446049250313e-16,0.0,0.0,0.0,0.0,0.0,0.0
France,Belgium,0.5788133188953027,0.27478712749890616,0.747989401796383,0.6156623290214118,2.0677559251801108,0.8979947473876808,0.40121581662209704,1.1102230246251565e-16,0.0,5.551115123125783e-17,0.0,0.0,0.0,0.0,0.0,0.0,0.0,0.0
France,Bosnia and Herzegovina,0.8136871018541249,0.13880532746106375,0.916334900396748,0.7395090694297519,2.975108064373508,0.39434457737240985,0.39692187995584177,1.1102230246251565e-16,2.7755575615628914e-17,3.469446951953614e-17,0.0,2.220446049250313e-16,0.0,0.0,2.220446049250313e-16,0.0,0.0,0.0
France,Brazil,0.4651532084660633,0.2852022304815079,0.6227993123776274,0.5527520021333973,1.7341231041120748,1.2049637295647193,0.40325015408127995,0.0,0.0,0.0,1.1102230246251565e-16,0.0,0.0,0.0,0.0,0.0,0.0,0.0
France,Canada,0.7168770185347515,0.19151104668691632,0.8477363784258192,0.6832992777956954,2.4776274576742505,0.5854636215258209,0.39871952328697513,0.0,2.7755575615628914e-17,4.163336342344337e-17,0.0,0.0,0.0,0.0,0.0,0.0,0.0,0.0
France,Cape Verde Islands,0.8048651634388022,0.13093339684005767,0.8994098628675016,0.7220823847119074,2.5483113180326864,0.28539593480228365,0.39160380014352675,0.0,0.0,1.3877787807814457e-17,0.0,2.220446049250313e-16,0.0,0.0,0.0,0.0,0.0,0.0
France,Colombia,0.44232572817587623,0.291869794053136,0.6146064518957884,0.5902656843227423,1.846756746640875,0.9508371453195273,0.40161843253541823,1.1102230246251565e-16,0.0,5.551115123125783e-17,1.1102230246251565e-16,0.0,0.0,0.0,0.0,0.0,0.0,0.0
France,Congo DR,0.7425482628059629,0.16992634479225835,0.8609691352516204,0.6968953083198004,2.602212861767397,0.5470164393976763,0.4004993216537789,0.0,2.7755575615628914e-17,0.0,0.0,0.0,0.0,0.0,0.0,0.0,0.0,0.0
France,Croatia,0.4870993527951006,0.2896694579587773,0.6655667464030679,0.6161070444415471,2.116802341539958,0.933174362651391,0.4051918418299606,5.551115123125783e-17,5.551115123125783e-17,5.551115123125783e-17,0.0,1.1102230246251565e-16,0.0,0.0,0.0,0.0,0.0,0.0
France,Côte d'Ivoire,0.6961820360816043,0.17049278230365275,0.8111896447547318,0.6745599849986346,2.466712668203885,0.657632913181602,0.4081473063325797,1.1102230246251565e-16,2.7755575615628914e-17,2.7755575615628914e-17,1.1102230246251565e-16,2.220446049250313e-16,0.0,0.0,1.1102230246251565e-16,0.0,0.0,0.0
France,Ecuador,0.5181968766755244,0.2762745870516611,0.6951812535168017,0.6406104112941184,2.0477560028797535,0.6561963645404202,0.40576087115823595,0.0,0.0,0.0,0.0,2.220446049250313e-16,0.0,0.0,0.0,0.0,0.0,0.0
France,Egypt,0.7097061992796193,0.1664960268985177,0.8236377228437434,0.6842897436439572,2.5544149717157287,0.6299142801552275,0.40840221214354433,1.1102230246251565e-16,0.0,4.163336342344337e-17,1.1102230246251565e-16,1.1102230246251565e-16,0.0,0.0,2.220446049250313e-16,0.0,0.0,0.0
France,England,0.4216650573434961,0.29270978393724933,0.5823336332586331,0.5489005996109133,1.689005409174167,1.200849637281254,0.39811745188247616,5.551115123125783e-17,0.0,0.0,1.1102230246251565e-16,1.1102230246251565e-16,0.0,0.0,0.0,0.0,0.0,0.0
France,Germany,0.5095700129140114,0.284650310281489,0.675622495598776,0.5833560571936715,2.031035454690344,1.1722861078722218,0.4019370416864874,0.0,0.0,0.0,1.1102230246251565e-16,0.0,0.0,0.0,0.0,0.0,0.0,0.0
France,Ghana,0.7837366797195263,0.13201346395199845,0.8757867848096799,0.6972781588673711,2.4760144289892465,0.4582375192806417,0.4024825090516565,0.0,0.0,1.3877787807814457e-17,0.0,2.220446049250313e-16,0.0,5.551115123125783e-17,0.0,0.0,0.0,0.0
France,Japan,0.5672150131920521,0.25665517190415915,0.7260638771462542,0.6189193959181927,2.181563444985803,0.9586417378015015,0.4084517467473991,0.0,0.0,2.7755575615628914e-17,0.0,0.0,0.0,0.0,0.0,0.0,0.0,0.0
France,Mexico,0.6196007185620283,0.23286433354221595,0.7613428851113349,0.6086898942109149,1.8939391053629655,0.8216006080651505,0.4035726648828444,1.1102230246251565e-16,2.7755575615628914e-17,8.326672684688674e-17,1.1102230246251565e-16,1.1102230246251565e-16,0.0,0.0,0.0,0.0,0.0,0.0
France,Morocco,0.564997383535368,0.25146840087036687,0.7211935874717778,0.621136506200354,2.1128645537067254,0.8833554249040582,0.4076238918338265,1.1102230246251565e-16,5.551115123125783e-17,2.7755575615628914e-17,0.0,0.0,0.0,0.0,0.0,0.0,0.0,0.0
France,Netherlands,0.4693289273981633,0.2926646083950092,0.6361533768911638,0.5700192121209192,1.9140674107174598,1.199416815486024,0.402584110837216,0.0,0.0,0.0,1.1102230246251565e-16,0.0,0.0,0.0,0.0,0.0,0.0,0.0
France,Norway,0.544875152399122,0.2878690298929326,0.7261050938078932,0.6295569255094106,2.2646178926510045,0.9243429341526492,0.4024054176301415,0.0,5.551115123125783e-17,2.7755575615628914e-17,0.0,1.1102230246251565e-16,0.0,0.0,0.0,0.0,0.0,0.0
France,Paraguay,0.6394726897265098,0.23727628063352396,0.7973616614724046,0.6654224827038493,2.2702485786252864,0.5996582764365735,0.40073535286452244,0.0,0.0,0.0,0.0,0.0,0.0,0.0,0.0,0.0,0.0,0.0
France,Portugal,0.4478786676627567,0.2939029065688252,0.613549033362603,0.5636908039936319,1.797075143086666,1.1568640797907939,0.4005463660842916,1.6653345369377348e-16,5.551115123125783e-17,1.6653345369377348e-16,2.220446049250313e-16,1.1102230246251565e-16,0.0,0.0,0.0,0.0,0.0,0.0
France,Senegal,0.5882762841435168,0.2434472960935041,0.7451293022761619,0.6442996929914573,2.4562844128942722,0.932672560144781,0.40413018555877595,0.0,0.0,0.0,0.0,0.0,0.0,0.0,0.0,0.0,0.0,0.0
France,South Africa,0.7784394322194703,0.1347997978412965,0.8779869090266825,0.7384838731317105,2.780781766260531,0.2843540850696025,0.3950211183561265,1.1102230246251565e-16,5.551115123125783e-17,4.163336342344337e-17,0.0,0.0,0.0,0.0,0.0,0.0,0.0,0.0
France,Spain,0.2705298445844243,0.2977658543227747,0.41488251606206294,0.4847858455965272,1.2397862342647659,1.3877189399645087,0.3923922328013845,0.0,0.0,5.551115123125783e-17,1.1102230246251565e-16,2.220446049250313e-16,0.0,0.0,0.0,0.0,0.0,0.0
France,Sweden,0.73266760807632,0.176547197148554,0.8529476860411743,0.6812913481919836,2.6978310143350224,0.7583556869032496,0.40410068204752947,1.1102230246251565e-16,2.7755575615628914e-17,5.551115123125783e-17,1.1102230246251565e-16,1.1102230246251565e-16,0.0,0.0,2.220446049250313e-16,0.0,0.0,0.0
France,Switzerland,0.5678207107938819,0.2783205687144587,0.7411453221013696,0.6227517143560781,2.0392283013900068,0.8102745648832432,0.39581625608023546,1.1102230246251565e-16,0.0,5.551115123125783e-17,1.1102230246251565e-16,2.220446049250313e-16,0.0,0.0,0.0,0.0,0.0,0.0
France,USA,0.7247517794387909,0.1799306795391054,0.8447577996582118,0.6669569665763386,2.4622156371927417,0.7244775568989563,0.40160878417326856,0.0,2.7755575615628914e-17,0.0,1.1102230246251565e-16,0.0,0.0,0.0,0.0,0.0,0.0,0.0
Morocco,Algeria,0.48252912265887127,0.29420093106617073,0.649917319220554,0.5689587587472122,1.7709499700646876,1.0839807931665122,0.4178475689573261,0.0,0.0,0.0,0.0,0.0,0.0,0.0,0.0,0.0,0.0,0.0
Morocco,Argentina,0.13956271492973452,0.2302702356049635,0.23081022110778332,0.3962627038545574,0.8856851431786695,1.9172701565367958,0.404762398243728,2.7755575615628914e-17,0.0,0.0,5.551115123125783e-17,0.0,0.0,0.0,0.0,0.0,0.0,0.0
Morocco,Australia,0.481119922391599,0.2943389973716539,0.6477945711168976,0.5662676377022616,1.6173570249983888,0.9739336550788199,0.41987320884399143,1.1102230246251565e-16,5.551115123125783e-17,1.1102230246251565e-16,0.0,0.0,0.0,0.0,0.0,0.0,0.0,0.0
Morocco,Austria,0.3967599931738329,0.2953805292073579,0.5544417358823444,0.5338257844267673,1.625777338340944,1.2875806168609405,0.4190118233277563,5.551115123125783e-17,5.551115123125783e-17,0.0,0.0,0.0,0.0,0.0,0.0,2.220446049250313e-16,0.0,0.0
Morocco,Belgium,0.3579543342188188,0.2751358433453206,0.4927960354326482,0.4900913656843714,1.33861371575495,1.4363357069509894,0.41477763664924516,0.0,0.0,0.0,5.551115123125783e-17,0.0,0.0,0.0,0.0,0.0,0.0,0.0
Morocco,Bosnia and Herzegovina,0.6912638319420921,0.21651411591152372,0.8313947160579842,0.6472136171165632,2.235835152871853,0.7389147033271019,0.41048369998298995,0.0,0.0,5.551115123125783e-17,0.0,0.0,0.0,0.0,0.0,0.0,0.0,0.0
Morocco,Brazil,0.19622261013058565,0.2613828922103709,0.3051977365647909,0.4169175936216126,0.9964592672802964,1.82220616854718,0.4168119741084281,5.551115123125783e-17,5.551115123125783e-17,1.1102230246251565e-16,0.0,1.1102230246251565e-16,0.0,0.0,0.0,1.1102230246251565e-16,0.0,0.0
Morocco,Canada,0.4334596581743867,0.2886748742327825,0.5923673451792822,0.5504728716942475,1.6106245872921452,1.1145924957594369,0.41228134331412325,1.6653345369377348e-16,0.0,5.551115123125783e-17,2.220446049250313e-16,2.220446049250313e-16,0.0,0.0,0.0,0.0,0.0,0.0
Morocco,Cape Verde Islands,0.6826085416515766,0.22532619537601153,0.8246419180278954,0.630345602468908,1.7934635343110024,0.550916915763398,0.40516562017067487,1.1102230246251565e-16,0.0,5.551115123125783e-17,0.0,2.220446049250313e-16,0.0,0.0,0.0,0.0,0.0,0.0
Morocco,Colombia,0.20525936026978953,0.27429415545388,0.3313285966591134,0.4596132796949851,1.1256677590287933,1.5193132323599687,0.41518025256256635,5.551115123125783e-17,5.551115123125783e-17,0.0,1.1102230246251565e-16,1.1102230246251565e-16,0.0,0.0,0.0,2.220446049250313e-16,0.0,0.0
Morocco,Congo DR,0.6027847935446166,0.2655050921496563,0.7602645019328065,0.5931325350981365,1.7669913324819888,0.8577485166246921,0.4140611416809271,1.1102230246251565e-16,5.551115123125783e-17,0.0,0.0,0.0,0.0,0.0,0.0,0.0,0.0,0.0
Morocco,Croatia,0.268996063767607,0.28926297197241135,0.4106491417687038,0.48970345922673797,1.3817491396325208,1.4841804559804765,0.4187536618571087,0.0,0.0,0.0,0.0,0.0,0.0,0.0,0.0,0.0,0.0,0.0
Morocco,Côte d'Ivoire,0.5680548298515357,0.2810909092403582,0.7301964650657147,0.5768298791745459,1.6828400698298323,0.9343811761281113,0.4217091263597279,0.0,0.0,2.7755575615628914e-17,1.1102230246251565e-16,0.0,0.0,0.0,0.0,0.0,0.0,0.0
Morocco,Ecuador,0.2561686476050925,0.29959946652707653,0.41070072910426425,0.5157955829844769,1.2738355512071253,1.123710040275042,0.4193226911853841,5.551115123125783e-17,0.0,0.0,1.1102230246251565e-16,0.0,0.0,0.0,0.0,0.0,0.0,0.0
Morocco,Egypt,0.5783492810976443,0.2702362803097056,0.736332513530422,0.5846114824098385,1.7551446656450282,0.9252363633541411,0.42196403217069245,1.1102230246251565e-16,5.551115123125783e-17,0.0,2.220446049250313e-16,0.0,0.0,0.0,2.220446049250313e-16,0.0,0.0,0.0
Morocco,England,0.18276841917115386,0.27330256231436373,0.29755075655643143,0.4199826610233177,1.018953136458006,1.8152043282219918,0.4116792719096243,2.7755575615628914e-17,5.551115123125783e-17,0.0,5.551115123125783e-17,0.0,0.0,0.0,0.0,0.0,0.0,0.0
Morocco,France,0.18353421559426517,0.2514684008703668,0.27880641252822225,0.37886349379964596,0.8833554249040582,2.1128645537067254,0.4076238918338265,2.7755575615628914e-17,5.551115123125783e-17,1.1102230246251565e-16,0.0,0.0,0.0,0.0,0.0,0.0,0.0,0.0
Morocco,Germany,0.2834050511482534,0.2800073227023839,0.4099189521065784,0.4518235442463589,1.2831417427705831,1.7715148506924479,0.41549886171363554,0.0,5.551115123125783e-17,5.551115123125783e-17,5.551115123125783e-17,2.220446049250313e-16,0.0,0.0,0.0,0.0,0.0,0.0
Morocco,Ghana,0.717742303718926,0.20025925289737692,0.8405982101367304,0.6134842941852086,1.7629203922682817,0.6732436537307566,0.4160443290788046,1.1102230246251565e-16,2.7755575615628914e-17,1.3877787807814457e-17,1.1102230246251565e-16,0.0,0.0,1.1102230246251565e-16,0.0,0.0,0.0,0.0
Morocco,Japan,0.3484980709092268,0.29289063218693834,0.4928484695914821,0.49284744139622466,1.3982872234440407,1.4694519427524766,0.42201356677454727,5.551115123125783e-17,0.0,1.1102230246251565e-16,0.0,0.0,0.0,0.0,0.0,0.0,0.0,0.0
Morocco,Mexico,0.3956050816817775,0.2923718286503389,0.5399360278525361,0.49365544839605846,1.2437544909261469,1.3049637454048413,0.4171344849099926,0.0,5.551115123125783e-17,5.551115123125783e-17,0.0,0.0,0.0,0.0,0.0,0.0,0.0,0.0
Morocco,Netherlands,0.24502462905097186,0.29347478425477613,0.37378456396678816,0.43874275346271363,1.2143285880151824,1.8355038282916354,0.41614593086436413,0.0,5.551115123125783e-17,5.551115123125783e-17,1.1102230246251565e-16,1.1102230246251565e-16,0.0,0.0,0.0,0.0,0.0,0.0
Morocco,Norway,0.35028610315310854,0.2949979836474906,0.49840750614166257,0.5021098827765293,1.5367900349076735,1.51543305988602,0.4159672376572896,0.0,0.0,5.551115123125783e-17,5.551115123125783e-17,2.220446049250313e-16,0.0,0.0,0.0,0.0,0.0,0.0
Morocco,Paraguay,0.3672162050972591,0.29799075420295357,0.5275723330390083,0.5381245078246117,1.4443323079261297,1.0772494932961403,0.41429717289167056,1.1102230246251565e-16,0.0,1.1102230246251565e-16,2.220446049250313e-16,0.0,0.0,0.0,0.0,0.0,0.0,0.0
Morocco,Portugal,0.23007386324425438,0.29407530527461,0.3583552036937632,0.436219356568273,1.1423476736517362,1.7816654913914118,0.4141081861114398,5.551115123125783e-17,0.0,0.0,5.551115123125783e-17,0.0,0.0,0.0,0.0,0.0,0.0,0.0
Morocco,Senegal,0.3729716558991618,0.2699541100953854,0.5105248185382613,0.5095427611400193,1.5353856812289859,1.4394772115881478,0.4176920055859241,5.551115123125783e-17,5.551115123125783e-17,5.551115123125783e-17,0.0,0.0,0.0,0.0,0.0,0.0,0.0,0.0
Morocco,South Africa,0.693005037752462,0.22080939611226635,0.8368000854875367,0.651217974718634,1.9875501566448097,0.5178179983105349,0.40858293838327464,0.0,2.7755575615628914e-17,2.7755575615628914e-17,0.0,0.0,0.0,0.0,0.0,0.0,0.0,0.0
Morocco,Spain,0.11221384321364986,0.19260910109002852,0.18334468127310094,0.36930154212288974,0.7061807690389509,1.9977972704633484,0.4059540528285327,1.3877787807814457e-17,0.0,0.0,5.551115123125783e-17,2.220446049250313e-16,0.0,0.0,0.0,0.0,0.0,0.0
Morocco,Sweden,0.5253815430950921,0.29285623785432685,0.6912952011759668,0.5665361929678404,1.8958429661960934,1.2169593938776,0.4176625020746776,0.0,5.551115123125783e-17,5.551115123125783e-17,0.0,2.220446049250313e-16,0.0,0.0,0.0,0.0,0.0,0.0
Morocco,Switzerland,0.3485349550385551,0.29709690334566335,0.4967610728741393,0.4989150548739565,1.3614552944268499,1.3721123930388508,0.40937807610738364,5.551115123125783e-17,5.551115123125783e-17,5.551115123125783e-17,0.0,0.0,0.0,0.0,0.0,0.0,0.0,0.0
Morocco,USA,0.46068189389836534,0.28631385597990133,0.614085211186717,0.5357872631184162,1.609405896638573,1.2532801730687242,0.41517060420041674,1.1102230246251565e-16,0.0,5.551115123125783e-17,0.0,2.220446049250313e-16,0.0,0.0,0.0,0.0,0.0,0.0
Portugal,Algeria,0.6219436977885322,0.24030063372913055,0.7750398223722248,0.6371024587320241,2.3342433172369703,0.9074344155221624,0.41077004320779126,1.1102230246251565e-16,8.326672684688674e-17,2.7755575615628914e-17,1.1102230246251565e-16,2.220446049250313e-16,0.0,0.0,0.0,0.0,0.0,0.0
Portugal,Argentina,0.2330141664371325,0.29083453257163,0.36596403238734404,0.4571323246061475,1.2354445545646042,1.6636234904644307,0.3976848724941931,2.7755575615628914e-17,5.551115123125783e-17,1.1102230246251565e-16,5.551115123125783e-17,0.0,0.0,0.0,0.0,0.0,0.0,0.0
Portugal,Australia,0.5897744658614367,0.2467009940814627,0.7426645458927347,0.6197384027597896,2.0028738396291472,0.8088898355360168,0.4127956830944565,0.0,0.0,2.7755575615628914e-17,0.0,2.220446049250313e-16,0.0,0.0,0.0,0.0,0.0,0.0
Portugal,Austria,0.5367349286396077,0.28263034619155913,0.7068913983337923,0.6020460010294054,2.052058987593299,1.012143513808823,0.41193429757822153,1.1102230246251565e-16,0.0,0.0,0.0,0.0,0.0,0.0,0.0,0.0,0.0,0.0
Portugal,Belgium,0.4546582291623181,0.295061833000114,0.6165864849209693,0.548794312406338,1.6832464037060746,1.1966142652645766,0.4077001108997103,5.551115123125783e-17,0.0,5.551115123125783e-17,0.0,0.0,0.0,0.0,0.0,0.0,0.0,0.0
Portugal,Bosnia and Herzegovina,0.7714662374118263,0.16593237020099616,0.8871045922699723,0.6969005186756005,2.6190981699012394,0.5584076274181592,0.4034061742334551,0.0,0.0,1.3877787807814457e-17,1.1102230246251565e-16,1.1102230246251565e-16,0.0,0.0,0.0,0.0,0.0,0.0
Portugal,Brazil,0.32893653844679566,0.2956718977997579,0.4715343083148128,0.48228381164783773,1.3731727754630596,1.5503953023911787,0.4097344483588933,1.1102230246251565e-16,5.551115123125783e-17,1.1102230246251565e-16,1.1102230246251565e-16,1.1102230246251565e-16,0.0,0.0,0.0,0.0,0.0,0.0
Portugal,Canada,0.5868528315457539,0.2568313211838488,0.7462038066674392,0.6204499294991224,2.072819651584815,0.8579150479314509,0.40520381756458845,1.1102230246251565e-16,5.551115123125783e-17,2.7755575615628914e-17,0.0,0.0,0.0,0.0,0.0,0.0,0.0,0.0
Portugal,Cape Verde Islands,0.7641930557179195,0.15778073606879142,0.8720517836606412,0.6835988386801284,2.2459200539705986,0.42170611416756526,0.39808809442114,0.0,0.0,5.551115123125783e-17,0.0,0.0,0.0,0.0,0.0,0.0,0.0,0.0
Portugal,Colombia,0.37817946767884447,0.26856326140807535,0.5211812483447568,0.5324696308652006,1.5445570446834749,1.224358332784934,0.4081027268130315,1.1102230246251565e-16,0.0,1.1102230246251565e-16,0.0,0.0,0.0,0.0,0.0,0.0,0.0,0.0
Portugal,Congo DR,0.7484799238088681,0.16218751121528927,0.8549063402346135,0.6561936589832371,2.2724904592018245,0.6845254993100938,0.4069836159313922,0.0,0.0,1.3877787807814457e-17,0.0,0.0,0.0,0.0,0.0,0.0,0.0,0.0
Portugal,Croatia,0.40217765663419014,0.2942323766731252,0.565915958169686,0.5564931479903024,1.7634935070828368,1.1956181767241822,0.4116761361075738,5.551115123125783e-17,0.0,0.0,1.1102230246251565e-16,0.0,0.0,0.0,0.0,0.0,0.0,0.0
Portugal,Côte d'Ivoire,0.7234317727452748,0.1723380930479526,0.83359372946483,0.6392200051146144,2.1817657772003867,0.7708716311638412,0.414631600610193,0.0,0.0,1.3877787807814457e-17,1.1102230246251565e-16,0.0,0.0,0.0,0.0,0.0,0.0,0.0
Portugal,Ecuador,0.42302662779494066,0.28480911524666847,0.5893244529022201,0.5838922148374768,1.7033232296668868,0.8876926027451818,0.41224516543584927,0.0,0.0,5.551115123125783e-17,2.220446049250313e-16,0.0,0.0,0.0,0.0,0.0,0.0,0.0
Portugal,Egypt,0.712583012004046,0.1778810551036755,0.8272664908066191,0.6447200278620535,2.2451154992102955,0.768712003739164,0.4148865064211576,1.1102230246251565e-16,0.0,8.326672684688674e-17,1.1102230246251565e-16,0.0,0.0,0.0,0.0,0.0,0.0,0.0
Portugal,England,0.2809093839334986,0.2958867719727452,0.42235970451645544,0.4780555738936046,1.3303370743714413,1.5489621387574308,0.40460174616008937,0.0,0.0,5.551115123125783e-17,1.1102230246251565e-16,0.0,0.0,0.0,0.0,0.0,0.0,0.0
Portugal,France,0.258218425768418,0.2939029065688251,0.3864509666373968,0.43630919600636797,1.1568640797907939,1.797075143086666,0.4005463660842916,1.6653345369377348e-16,5.551115123125783e-17,1.6653345369377348e-16,1.6653345369377348e-16,1.1102230246251565e-16,0.0,0.0,0.0,0.0,0.0,0.0
Portugal,Germany,0.4196185945382751,0.29423446890234234,0.5727305632827826,0.5203740041596756,1.680535414405837,1.4723429985380583,0.4084213359641007,0.0,0.0,0.0,0.0,0.0,0.0,0.0,0.0,0.0,0.0,0.0
Portugal,Ghana,0.7492686031529306,0.16052281362227594,0.8548891861935782,0.6579786427690082,2.1871192239943302,0.6056531956234833,0.4089668033292698,0.0,2.7755575615628914e-17,6.938893903907228e-17,0.0,0.0,0.0,0.0,0.0,0.0,0.0,0.0
Portugal,Japan,0.4643334785499542,0.29002969343209756,0.6255912408535932,0.556004319403913,1.8202898411926303,1.2514201846657673,0.4149360410250124,1.1102230246251565e-16,0.0,5.551115123125783e-17,0.0,0.0,0.0,0.0,0.0,0.0,0.0,0.0
Portugal,Mexico,0.5213157304922607,0.2880740730316566,0.6808552721549022,0.5538143019386186,1.601478809943524,1.0750040112748234,0.4100569591604577,0.0,0.0,0.0,0.0,0.0,0.0,0.0,0.0,0.0,0.0,0.0
Portugal,Morocco,0.47585083148113555,0.29407530527461,0.6416447963062367,0.563780643431727,1.7816654913914118,1.1423476736517362,0.4141081861114398,0.0,0.0,5.551115123125783e-17,1.1102230246251565e-16,0.0,0.0,0.0,0.0,0.0,0.0,0.0
Portugal,Netherlands,0.37400416104562556,0.27239371573787907,0.5108500547542475,0.5023827122366764,1.557561086440845,1.5333562936364094,0.4090684051148292,5.551115123125783e-17,5.551115123125783e-17,1.6653345369377348e-16,1.1102230246251565e-16,0.0,0.0,0.0,0.0,1.1102230246251565e-16,0.0,0.0
Portugal,Norway,0.4552029916234759,0.2929781535846139,0.6208494838602642,0.5653885459038113,1.8839260830285935,1.2175041178172668,0.4088897119077548,0.0,0.0,0.0,1.1102230246251565e-16,4.440892098500626e-16,0.0,0.0,0.0,0.0,0.0,0.0
Portugal,Paraguay,0.5192413154678044,0.2877831423142149,0.6937148923934195,0.6062675371551711,1.8949278875041409,0.8443574493361692,0.40721964714213577,0.0,0.0,5.551115123125783e-17,0.0,0.0,0.0,0.0,0.0,0.0,0.0,0.0
Portugal,Senegal,0.5199150002140144,0.27974187144507395,0.6840246300805194,0.5866466432742343,2.097150603117669,1.1968688936989418,0.4106144798363892,0.0,5.551115123125783e-17,2.7755575615628914e-17,0.0,0.0,0.0,4.440892098500626e-16,0.0,0.0,0.0,0.0
Portugal,South Africa,0.7627720714017014,0.1486098268786404,0.866952416026707,0.7010326760563592,2.4560735965403047,0.4113863243191187,0.40150541263373984,0.0,2.7755575615628914e-17,2.7755575615628914e-17,1.1102230246251565e-16,0.0,0.0,1.1102230246251565e-16,0.0,0.0,0.0,0.0
Portugal,Spain,0.18132310837939142,0.2838317438469294,0.30217337171741343,0.4257813509513461,0.9725827245498075,1.6993320052360672,0.3988765270789978,2.7755575615628914e-17,0.0,0.0,0.0,0.0,2.220446049250313e-16,0.0,0.0,0.0,0.0,0.0
Portugal,Sweden,0.699001472814558,0.20535521674190016,0.8293110631501569,0.634557000319003,2.3459871078082317,0.9405021286115238,0.4105849763251428,0.0,0.0,2.7755575615628914e-17,1.1102230246251565e-16,0.0,0.0,0.0,0.0,0.0,0.0,0.0
Portugal,Switzerland,0.45272979817946146,0.2952625304031482,0.6175586378568481,0.5582450284237932,1.6777451681348703,1.1020639099306004,0.4023005503578488,5.551115123125783e-17,0.0,5.551115123125783e-17,1.1102230246251565e-16,1.1102230246251565e-16,0.0,0.0,0.0,0.0,0.0,0.0
Portugal,USA,0.612190754011851,0.24532640746809223,0.7607458789727918,0.6055407018515211,2.0712740389377546,0.9951017340268685,0.40809307845088183,0.0,0.0,5.551115123125783e-17,1.1102230246251565e-16,2.220446049250313e-16,0.0,0.0,0.0,0.0,0.0,0.0
Spain,Algeria,0.7549555617966678,0.15281789257308637,0.8594759370560574,0.6839537798847863,2.5077267131185135,0.6004706648203082,0.4026159099248841,1.1102230246251565e-16,2.7755575615628914e-17,0.0,0.0,0.0,0.0,0.0,0.0,0.0,0.0,0.0
Spain,Argentina,0.3967627975141639,0.2975322753052574,0.5551612046764101,0.5323738643134936,1.4607739852990451,1.1464835445392365,0.389530739211286,5.551115123125783e-17,5.551115123125783e-17,1.6653345369377348e-16,2.220446049250313e-16,0.0,0.0,0.0,0.0,2.220446049250313e-16,0.0,0.0
Spain,Australia,0.7764775202268285,0.1422307959425042,0.8717455945854513,0.669813268830572,2.1775792595974486,0.49413446848738246,0.40464154981154943,0.0,0.0,1.3877787807814457e-17,1.1102230246251565e-16,0.0,0.0,0.0,0.0,0.0,0.0,0.0
Spain,Austria,0.7365328237534559,0.17898653617358304,0.8549104201135557,0.6613771007071503,2.262906770101529,0.6306581622626775,0.4037801642953144,0.0,2.7755575615628914e-17,5.551115123125783e-17,1.1102230246251565e-16,2.220446049250313e-16,0.0,0.0,0.0,0.0,0.0,0.0
Spain,Belgium,0.6705003501898187,0.21920504633195242,0.8059479590081657,0.6179036983173847,1.9238138278827506,0.7625946268701593,0.3995459776168032,1.1102230246251565e-16,5.551115123125783e-17,2.7755575615628914e-17,0.0,1.1102230246251565e-16,0.0,0.0,0.0,0.0,0.0,0.0
Spain,Bosnia and Herzegovina,0.8883694866353224,0.08182733328092927,0.9479346521723249,0.72793726923134,2.6898607477442886,0.3228470048683785,0.39525204095054794,0.0,0.0,6.938893903907228e-18,0.0,0.0,0.0,0.0,0.0,0.0,0.0,0.0
Spain,Brazil,0.5123148000388841,0.2672512036723903,0.6605801628639272,0.5547790273258939,1.5952503087848482,1.0603942698512314,0.4015803150759861,1.1102230246251565e-16,5.551115123125783e-17,0.0,2.220446049250313e-16,0.0,0.0,0.0,2.220446049250313e-16,0.0,0.0,0.0
Spain,Canada,0.77864691400679,0.14403712638271235,0.8760289146198079,0.6760895823085923,2.261298551737615,0.4983670207633256,0.3970496842816813,0.0,0.0,2.7755575615628914e-17,1.1102230246251565e-16,0.0,0.0,1.1102230246251565e-16,0.0,0.0,0.0,0.0
Spain,Cape Verde Islands,0.8727526078868258,0.08655613412141952,0.9341755606677914,0.7096314247907884,2.30570762807659,0.23715887440970126,0.3899339611382329,0.0,0.0,2.7755575615628914e-17,0.0,0.0,0.0,0.0,0.0,0.0,0.0,0.0
Spain,Colombia,0.5617138200607468,0.27809560548372464,0.729785879518078,0.6043679085290963,1.7690692993597594,0.7587066458855252,0.3999485935301244,0.0,0.0,0.0,1.1102230246251565e-16,0.0,0.0,0.0,0.0,0.0,0.0,0.0
Spain,Congo DR,0.8228796592540663,0.1294533548712225,0.9125045799912137,0.6923337044938271,2.3905807676133586,0.44433561040103053,0.39882948264848506,0.0,0.0,4.85722573273506e-17,0.0,1.1102230246251565e-16,0.0,0.0,2.220446049250313e-16,0.0,0.0,0.0
Spain,Croatia,0.5927181899756463,0.25856793068552364,0.7540383093682788,0.6238984044345148,1.998982857466419,0.7681581049795002,0.40352200282466677,1.1102230246251565e-16,0.0,5.551115123125783e-17,2.220446049250313e-16,0.0,0.0,0.0,0.0,0.0,0.0,0.0
Spain,Côte d'Ivoire,0.7398253840018718,0.15836364430745145,0.8456503250577057,0.6682401224007103,2.2687832840725375,0.5733944063342301,0.40647746732728585,1.1102230246251565e-16,2.7755575615628914e-17,5.551115123125783e-17,1.1102230246251565e-16,1.1102230246251565e-16,0.0,0.0,1.1102230246251565e-16,0.0,0.0,0.0
Spain,Ecuador,0.6028303732809173,0.25594614984960196,0.7672062152124508,0.6422282266333108,1.907800056747737,0.5359116222143294,0.4040910321529421,1.1102230246251565e-16,0.0,5.551115123125783e-17,1.1102230246251565e-16,2.220446049250313e-16,0.0,0.0,0.0,0.0,0.0,0.0
Spain,Egypt,0.7577096986226842,0.151417733178485,0.8603258178788521,0.677702123140413,2.3442673413297976,0.5425190221775781,0.4067323731382505,1.1102230246251565e-16,0.0,5.551115123125783e-17,1.1102230246251565e-16,0.0,0.0,0.0,2.220446049250313e-16,0.0,0.0,0.0
Spain,England,0.4648090002746851,0.29667220369090413,0.6285808662835923,0.5520296946307022,1.5623511258797378,1.056250101381893,0.39644761287718233,0.0,0.0,5.551115123125783e-17,1.1102230246251565e-16,0.0,0.0,0.0,0.0,0.0,0.0,0.0
Spain,France,0.431704301092801,0.2977658543227747,0.5851174839379369,0.5152141544034726,1.3877189399645087,1.2397862342647659,0.3923922328013845,5.551115123125783e-17,0.0,0.0,1.1102230246251565e-16,2.220446049250313e-16,0.0,0.0,0.0,0.0,0.0,0.0
Spain,Germany,0.6232845258883482,0.2546396620490558,0.7749504396680483,0.5956099397841724,1.932569394431562,0.9732597526024244,0.4002672026811936,0.0,0.0,2.7755575615628914e-17,1.1102230246251565e-16,0.0,0.0,2.220446049250313e-16,2.220446049250313e-16,0.0,0.0,0.0
Spain,Ghana,0.859109861427888,0.0833300823377914,0.9165118576097097,0.6888508275934936,2.2528997457927993,0.38081963471503577,0.4008126700463627,1.1102230246251565e-16,2.7755575615628914e-17,0.0,1.1102230246251565e-16,0.0,0.0,0.0,0.0,0.0,0.0,0.0
Spain,Japan,0.6447110532438607,0.23839050117982896,0.7931287133984963,0.6225821054953752,2.0302682891202894,0.804743120634904,0.40678190774210526,0.0,0.0,2.7755575615628914e-17,0.0,2.220446049250313e-16,0.0,0.0,0.0,0.0,0.0,0.0
Spain,Mexico,0.7239140767708308,0.17846457666797955,0.8333786484044476,0.6133686229355634,1.7642663586534775,0.6753369519217862,0.40190282587755055,1.1102230246251565e-16,2.7755575615628914e-17,0.0,0.0,2.220446049250313e-16,0.0,1.1102230246251565e-16,0.0,0.0,0.0,0.0
Spain,Morocco,0.6951770556963216,0.19260910109002852,0.816655318726899,0.6306984578771104,1.9977972704633484,0.7061807690389509,0.4059540528285327,0.0,0.0,1.3877787807814457e-17,0.0,2.220446049250313e-16,0.0,0.0,0.0,0.0,0.0,0.0
Spain,Netherlands,0.5379941704448095,0.28972960471140613,0.7051465004777254,0.5769252686463059,1.7896611901824044,1.0257439818996072,0.4009142718319222,0.0,0.0,2.7755575615628914e-17,0.0,2.220446049250313e-16,0.0,0.0,0.0,0.0,0.0,0.0
Spain,Norway,0.6784065820071725,0.2235378538783592,0.8215047832890432,0.6401519867849286,2.147857249216193,0.7365138218278695,0.40073557862484765,0.0,0.0,4.163336342344337e-17,0.0,0.0,0.0,0.0,2.220446049250313e-16,0.0,0.0,0.0
Spain,Paraguay,0.7476304293987721,0.17015382516567756,0.8608866352229129,0.6656106949923928,2.1079888061071816,0.48090244170788615,0.3990655138592286,0.0,0.0,2.7755575615628914e-17,1.1102230246251565e-16,0.0,0.0,0.0,0.0,0.0,0.0,0.0
Spain,Portugal,0.5348451477736792,0.2838317438469294,0.6978266282825866,0.5742186490486538,1.6993320052360672,0.9725827245498073,0.3988765270789978,0.0,0.0,2.7755575615628914e-17,0.0,0.0,0.0,2.220446049250313e-16,0.0,0.0,0.0,0.0
Spain,Senegal,0.7109345346150401,0.18573036415119507,0.8321515828546939,0.6526506788140268,2.3117212356308414,0.7459292517569688,0.4024603465534821,0.0,2.7755575615628914e-17,5.551115123125783e-17,1.1102230246251565e-16,0.0,0.0,0.0,0.0,0.0,0.0,0.0
Spain,South Africa,0.8629320801338352,0.08059742303937888,0.9214465691637662,0.7260094283826123,2.5219371078688697,0.23425074941151253,0.3933512793508327,1.1102230246251565e-16,1.3877787807814457e-17,4.163336342344337e-17,1.1102230246251565e-16,0.0,0.0,0.0,0.0,0.0,0.0,0.0
Spain,Sweden,0.7929548362752479,0.15184581952169945,0.8956214134230822,0.6761238305488074,2.4800599670628083,0.6527533854949426,0.40243084304223564,0.0,0.0,2.0816681711721685e-17,0.0,0.0,0.0,0.0,0.0,0.0,0.0,0.0
Spain,Switzerland,0.6776163290908452,0.2242743842304531,0.8185015893162966,0.6281825751472565,1.9098149610609103,0.6601148398525828,0.39414641707494164,0.0,0.0,1.3877787807814457e-17,0.0,1.1102230246251565e-16,0.0,0.0,0.0,0.0,0.0,0.0
Spain,USA,0.7632962896646243,0.15337529756515647,0.8643346122129444,0.6587652911016999,2.2439019023215523,0.640260306954715,0.39993894516797474,1.1102230246251565e-16,0.0,5.551115123125783e-17,1.1102230246251565e-16,1.1102230246251565e-16,0.0,0.0,0.0,0.0,0.0,0.0
Switzerland,Algeria,0.5025252379785957,0.2912764953102298,0.670654338442021,0.577214787909186,1.8755212371273016,1.097209762330006,0.40603993320373505,0.0,5.551115123125783e-17,2.7755575615628914e-17,0.0,0.0,0.0,0.0,0.0,0.0,0.0,0.0
Switzerland,Argentina,0.14517900741806272,0.243201409215815,0.24204794854890516,0.39830748285213136,0.8754834170117533,1.8821012486879733,0.39295476249013694,0.0,0.0,0.0,5.551115123125783e-17,0.0,0.0,0.0,0.0,0.0,0.0,0.0
Switzerland,Australia,0.47523442767571633,0.28774368569355113,0.6381152058017482,0.5660620414082724,1.621876601622788,0.9798030326878998,0.40806557309040037,0.0,5.551115123125783e-17,0.0,0.0,0.0,0.0,0.0,0.0,0.0,0.0,0.0
Switzerland,Austria,0.4441413571888107,0.2955225623645748,0.6051348184918446,0.5447755325849621,1.638927812533927,1.1944287598382701,0.4072041875741653,5.551115123125783e-17,0.0,0.0,1.1102230246251565e-16,1.1102230246251565e-16,0.0,0.0,0.0,0.0,0.0,0.0
Switzerland,Belgium,0.34373797778954696,0.2974733124472316,0.4891442537149665,0.488804440066243,1.2821346797874547,1.3914768916604374,0.40297000089565416,5.551115123125783e-17,0.0,5.551115123125783e-17,1.1102230246251565e-16,0.0,0.0,0.0,0.0,0.0,0.0,0.0
Switzerland,Bosnia and Herzegovina,0.6939940717813217,0.2001235950748428,0.8232906975455182,0.6460838649027956,2.1747657907249107,0.7032210153031343,0.3986760642293989,1.1102230246251565e-16,2.7755575615628914e-17,0.0,1.1102230246251565e-16,0.0,0.0,0.0,0.0,0.0,0.0,0.0
Switzerland,Brazil,0.24076964417777608,0.28902612178698284,0.36463644450027344,0.4285661086847691,1.0352892065858197,1.7417701782484776,0.40500433835483707,2.7755575615628914e-17,0.0,5.551115123125783e-17,1.1102230246251565e-16,0.0,0.0,0.0,0.0,0.0,0.0,0.0
Switzerland,Canada,0.4879152655268104,0.2906488676745871,0.6520314168865617,0.5646543634344968,1.6829830157991146,1.0467640286297624,0.40047370756053224,0.0,0.0,2.7755575615628914e-17,0.0,0.0,0.0,0.0,0.0,0.0,0.0,0.0
Switzerland,Cape Verde Islands,0.6883845721691256,0.17681192628971265,0.8005388195394719,0.6343138142535564,1.8710844093166241,0.5764937196287638,0.39335798441708386,1.1102230246251565e-16,0.0,5.551115123125783e-17,1.1102230246251565e-16,0.0,0.0,0.0,0.0,0.0,0.0,0.0
Switzerland,Colombia,0.2379979101602604,0.28677076989398137,0.3722569350684753,0.4681754174522397,1.1444911786543372,1.453152595671463,0.40337261680897535,0.0,0.0,0.0,5.551115123125783e-17,2.220446049250313e-16,0.0,0.0,0.0,0.0,0.0,0.0
Switzerland,Congo DR,0.6347074159264128,0.22584257674740787,0.77055569088543,0.6015175566782335,1.8668439795426837,0.8645228754413231,0.402253505927336,0.0,0.0,5.551115123125783e-17,1.1102230246251565e-16,1.1102230246251565e-16,0.0,0.0,0.0,0.0,0.0,0.0
Switzerland,Croatia,0.2984458231442209,0.2971234346610105,0.4461393072276557,0.49707787018529526,1.350342933138598,1.37903468869346,0.4069460261035177,0.0,0.0,0.0,0.0,0.0,0.0,0.0,0.0,0.0,0.0,0.0
Switzerland,Côte d'Ivoire,0.5702113068356817,0.2566268524556934,0.7188741068147789,0.5792955747090569,1.7533867641602043,0.9725278694678169,0.4099014906061368,0.0,0.0,2.7755575615628914e-17,1.1102230246251565e-16,1.1102230246251565e-16,0.0,0.0,0.0,0.0,0.0,0.0
Switzerland,Ecuador,0.3115867074606602,0.2996476264894953,0.469690770752072,0.5276332909546821,1.311567952556315,1.0498238129790158,0.40751505543179306,0.0,0.0,0.0,1.1102230246251565e-16,2.220446049250313e-16,0.0,0.0,0.0,0.0,0.0,0.0
Switzerland,Egypt,0.5985875989629428,0.23247859539581345,0.7355844245440992,0.5892879099166459,1.8364771680512963,0.9511885966712533,0.41015639641710144,1.1102230246251565e-16,8.326672684688674e-17,5.551115123125783e-17,0.0,2.220446049250313e-16,0.0,1.1102230246251565e-16,0.0,0.0,0.0,0.0
Switzerland,England,0.20946685561361328,0.2892434248374095,0.33309604424676786,0.4274226413362705,0.9966554140475616,1.7096210051050227,0.39987163615603327,2.7755575615628914e-17,5.551115123125783e-17,0.0,0.0,0.0,0.0,0.0,0.0,0.0,0.0,0.0
Switzerland,France,0.15385872049165938,0.2783205687144587,0.25885467789863026,0.37724828564392165,0.8102745648832432,2.0392283013900068,0.39581625608023546,5.551115123125783e-17,0.0,1.1102230246251565e-16,1.1102230246251565e-16,2.220446049250313e-16,0.0,0.0,0.0,0.0,0.0,0.0
Switzerland,Germany,0.3021106568659373,0.29506570757783646,0.43699843224131174,0.4571448728578258,1.2437817712677806,1.6725311374351952,0.40369122596004453,0.0,0.0,0.0,0.0,0.0,0.0,0.0,0.0,0.0,0.0,0.0
Switzerland,Ghana,0.6563455009377726,0.18974942557253238,0.7716234095860764,0.6075270494257097,1.7974959592815836,0.7537573073135599,0.4042366933252136,1.1102230246251565e-16,0.0,5.551115123125783e-17,1.1102230246251565e-16,0.0,0.0,0.0,0.0,0.0,0.0,0.0
Switzerland,Japan,0.3672277372544521,0.29643349048987994,0.5147337131622333,0.4976022637118894,1.4024495253550435,1.4262171142494133,0.4102059310209562,1.1102230246251565e-16,5.551115123125783e-17,5.551115123125783e-17,1.1102230246251565e-16,1.1102230246251565e-16,0.0,0.0,0.0,0.0,0.0,0.0
Switzerland,Mexico,0.43514494042794405,0.28906924933371264,0.5802998563681563,0.5021458224103242,1.284320226949009,1.263620299748292,0.4053268491564015,5.551115123125783e-17,0.0,0.0,0.0,0.0,0.0,0.0,0.0,0.0,0.0,0.0
Switzerland,Morocco,0.35436814161578156,0.2970969033456633,0.5032389271258607,0.5010849451260435,1.3721123930388508,1.3614552944268499,0.40937807610738364,5.551115123125783e-17,5.551115123125783e-17,5.551115123125783e-17,0.0,0.0,0.0,0.0,0.0,0.0,0.0,0.0
Switzerland,Netherlands,0.25783030902254955,0.2945088280977909,0.3881002152976818,0.44232937639436887,1.163618262858148,1.7403748715612637,0.4043382951107731,5.551115123125783e-17,5.551115123125783e-17,5.551115123125783e-17,0.0,1.1102230246251565e-16,0.0,0.0,0.0,0.0,0.0,0.0
Switzerland,Norway,0.35782717881038156,0.2825411334334635,0.4998404395454127,0.5026286226337174,1.467116291267219,1.4408638085844743,0.4041596019036986,0.0,0.0,0.0,0.0,0.0,0.0,0.0,0.0,0.0,0.0,0.0
Switzerland,Paraguay,0.4261792159925618,0.2928807431577549,0.5876022340031853,0.551156133620147,1.5133916874164373,1.019969188152451,0.40248953713807956,1.1102230246251565e-16,0.0,5.551115123125783e-17,1.1102230246251565e-16,0.0,0.0,0.0,0.0,0.0,0.0,0.0
Switzerland,Portugal,0.2520076714173902,0.2952625304031482,0.38244136214315183,0.4417549715762067,1.1020639099306004,1.6777451681348703,0.40230055035784873,5.551115123125783e-17,0.0,5.551115123125783e-17,1.1102230246251565e-16,1.1102230246251565e-16,0.0,0.0,0.0,0.0,0.0,0.0
Switzerland,Senegal,0.39030534479645906,0.2947609461180249,0.5427864428743975,0.5173042768592675,1.6233792360295611,1.4478837087110188,0.40588436983233306,5.551115123125783e-17,5.551115123125783e-17,1.6653345369377348e-16,1.1102230246251565e-16,1.1102230246251565e-16,0.0,0.0,0.0,2.220446049250313e-16,0.0,0.0
Switzerland,South Africa,0.7019061847081556,0.1824138656017127,0.8216854740320081,0.6566347844707254,2.074050011712756,0.53451249079956,0.39677530262968363,0.0,2.7755575615628914e-17,0.0,0.0,0.0,0.0,0.0,0.0,0.0,0.0,0.0
Switzerland,Spain,0.09810928667870165,0.2242743842304531,0.18149841068370343,0.3718174248527434,0.6601148398525828,1.9098149610609103,0.39414641707494164,1.3877787807814457e-17,0.0,0.0,0.0,1.1102230246251565e-16,0.0,0.0,0.0,0.0,0.0,0.0
Switzerland,Sweden,0.5547882095129445,0.26617276523982647,0.7064469992004967,0.5697757603070506,1.8655713864182966,1.1592324440939774,0.4058548663210866,0.0,5.551115123125783e-17,2.7755575615628914e-17,0.0,0.0,0.0,0.0,0.0,0.0,0.0,0.0
Switzerland,USA,0.48945809359768705,0.2930100104908595,0.6490914933917724,0.5448052765387179,1.658641731479347,1.2122590475554917,0.4033629684468257,1.1102230246251565e-16,1.1102230246251565e-16,2.7755575615628914e-17,0.0,0.0,0.0,0.0,0.0,0.0,0.0,0.0
