match_number,group,home_team,away_team,p_home_win_90,p_draw_90,p_away_win_90,p_xgb_home_win_90,p_xgb_draw_90,p_xgb_away_win_90,p_pre_draw_home_win_90,p_pre_draw_draw_90,p_pre_draw_away_win_90,p_poisson_home_win_90,p_poisson_draw_90,p_poisson_away_win_90,p_home_advances,p_away_advances,p_home_advances_if_draw,home_xg,away_xg,context_shift,home_rest_days,away_rest_days,home_travel_km,away_travel_km,squad_top26_diff,attack_strength_diff,midfield_strength_diff,defense_strength_diff,gk_strength_diff,market_value_log_diff,age_diff,tm_market_value_log_diff,tm_caps_diff,tm_recent_injury_days_diff,tm_injury_value_log_diff,tm_coverage_diff
1,A,Mexico,South Africa,0.8872588941220875,0.10505304956778458,0.007688056310127949,0.8633016347885132,0.13452447950839996,0.0021738915238529444,0.8872588941220876,0.10505304956778458,0.0076880563101278795,0.8512973621428935,0.12139035327963388,0.027312284577472628,0.9882729671835799,0.011727032816420069,0.9615529818229027,2.7707631282509775,0.3138490168831572,0.1,5.0,5.0,0.0,0.0,10.365384615384613,13.285714285714292,9.625,7.208333333333329,0.10389610389610482,1.6108864051500973,2.4663461538461533,2.134071477735212,1.2094266550084,0.7733392422775198,2.695933941379563,2.972907384707776
2,A,Korea Republic,Czechia,0.6880309550296032,0.28912788056239946,0.02284116440799733,0.7366069555282593,0.25958770513534546,0.0038053770549595356,0.6880309550296032,0.28912788056239946,0.022841164407997286,0.6695016180272545,0.23768539330390345,0.09281298866884208,0.954165338556583,0.04583466144341697,0.9204729167222004,2.0477682932898364,0.807104679565928,0.0,5.0,5.0,0.0,0.0,-1.8846153846153868,-0.75,-0.375,-2.625,-3.0,-0.3082558032007263,0.9615384615384599,-0.2016653408298552,-0.12941107365150284,0.39531273664414623,0.3860472417973533,-0.1539474484476333
3,B,Canada,Bosnia and Herzegovina,0.7978053872325673,0.1939173618083125,0.008277250959120137,0.8113489151000977,0.1861281394958496,0.002522991271689534,0.7978053872325672,0.1939173618083125,0.008277250959120151,0.7675743224299781,0.17971592714801643,0.05270975042200534,0.9833792046807744,0.016620795319225556,0.9569737114701827,2.1861390350473764,0.583893448903057,0.1,5.0,5.0,0.0,0.0,-0.038461538461532996,-1.125,1.0,3.5,3.375,0.5344497769994376,-0.9615384615384599,0.5835091527189071,0.01676685985706694,-0.09819896371021564,0.3741327408904418,-0.159350899554366
4,D,USA,Paraguay,0.7315436236089288,0.2602460266848846,0.008210349706186624,0.7126122117042542,0.28218942880630493,0.005198332946747541,0.7315436236089289,0.2602460266848846,0.008210349706186585,0.5301249975960614,0.2992115043518163,0.1706634980521222,0.962256261780585,0.03774373821941501,0.8865174277992396,1.9154831266379908,0.6559773416530947,0.1,5.0,5.0,0.0,0.0,3.0,3.0,5.25,3.25,3.75,1.1832782157188433,-3.8461538461538467,1.023839050572363,0.9595797269276014,0.6183567309867968,1.5946057765707913,2.6372241485335977
5,B,Qatar,Switzerland,0.43764072058413483,0.4599999999999999,0.10235927941586508,0.531025767326355,0.4603341519832611,0.008640055544674397,0.43734318572118125,0.4603671249461899,0.10228968933262886,0.21766274049206533,0.31425009788214914,0.46808716162578545,0.7857049474079175,0.21429505259208248,0.7566613626603973,1.2104623135642003,1.3787973525176163,0.0,5.0,5.0,0.0,0.0,-9.538461538461547,-6.5,-6.25,-8.625,-12.875,-19.704942382275654,0.46153846153846345,-2.898739962192977,-0.2596945639645565,-1.0889910478838791,-4.3330514509180595,-1.9057867729853175
6,C,Brazil,Morocco,0.7715293456205025,0.21882590988935854,0.00964474449013899,0.7751996517181396,0.22068099677562714,0.004119447432458401,0.7715293456205026,0.21882590988935854,0.009644744490138957,0.7337398636410879,0.1971800202113272,0.06908011614758484,0.9727447127992696,0.02725528720073045,0.9195225888950006,2.4030681873345197,0.6020271500795957,0.0,5.0,5.0,0.0,0.0,5.269230769230774,4.75,4.5,4.5,10.224999999999994,0.9605320775746797,0.07692307692307665,0.9131405382233524,-0.4114591320483747,0.13718236418640384,1.2198236827734021,1.903589882100892
7,C,Haiti,Scotland,0.4213450883956488,0.46,0.1186549116043512,0.4276425540447235,0.5433347225189209,0.02902268059551716,0.37122130790659225,0.524239128945712,0.1045395631476957,0.35873212508905417,0.33537934577350054,0.30588852913744535,0.7731607603702744,0.22683923962972563,0.7648166782057076,1.3789629427014112,1.270080720962926,0.0,5.0,5.0,0.0,0.0,-8.92857142857143,-6.0,-11.25,-11.25,2.0,-2.533365938965389,-0.6758241758241752,-1.796521647885445,-0.5763840328043077,-1.748587297362846,-2.404548249827485,-2.4493617123685896
8,D,Australia,Türkiye,0.5955507650370861,0.33207014494010456,0.07237909002280929,0.679063618183136,0.3155379891395569,0.0053983423858881,0.5955507650370863,0.33207014494010456,0.0723790900228093,0.5094672768670439,0.30683166596302974,0.1837010571699262,0.8793992213549222,0.12060077864507779,0.8547846310273808,1.6807571659889822,1.0058061939397314,0.0,5.0,5.0,0.0,0.0,-7.076923076923066,-8.0,-9.0,-6.375,-7.625,-2.076793687114076,1.3846153846153832,-1.7258482530030932,-0.35770534073262894,0.14521780659057715,-1.5110261633510547,-1.788207067623687
9,E,Germany,Curaçao,0.9231105594413043,0.0674699450541926,0.009419495504503167,0.9017441272735596,0.09633415192365646,0.0019217621302232146,0.9231105594413044,0.0674699450541926,0.009419495504503106,0.9371734883047994,0.0550034289554543,0.007823082739746405,0.9892246957879806,0.010775304212019443,0.9799049976040836,3.3772861126095632,0.26758031458402054,0.0,5.0,5.0,0.0,0.0,19.04358974358975,19.975,17.0,18.80357142857143,21.5,3.9881028788157735,5.856410256410257,1.7505999126427234,0.6513404493771509,0.9144927092141488,2.3332804358097263,3.8290553894571273
10,F,Netherlands,Japan,0.724243714986869,0.2661424910359362,0.009613793977194782,0.7165676951408386,0.278231680393219,0.005200622137635946,0.7242437149868691,0.2661424910359362,0.009613793977194708,0.7060227924873513,0.21256922187551605,0.08140798563713257,0.9625688967560828,0.037431103243917185,0.89547963890153,2.288706885164535,0.6862688449622877,0.0,5.0,5.0,0.0,0.0,5.461538461538467,3.125,4.5,7.75,9.0,1.0140036153130652,0.03846153846153655,1.071602826916184,-0.06983109450333913,-0.12763533209939482,1.429301504081149,0.787794108193598
11,E,Côte d'Ivoire,Ecuador,0.5970979341043097,0.3931067209310426,0.00979534496464785,0.630087673664093,0.3646829426288605,0.005229366943240166,0.5970979341043097,0.39310672093104254,0.009795344964647798,0.3465158516638386,0.33053700622919396,0.32294714210696746,0.9260887616766444,0.07391123832335555,0.8368995238574037,1.6950738954836955,0.8871027224923294,0.0,5.0,5.0,0.0,0.0,3.538461538461533,5.875,1.625,2.375,5.75,0.24360217804175832,-1.7692307692307665,0.8691419287005537,0.2664567858364988,0.02622855485962905,2.221389354027046,1.7029160306572875
12,F,Sweden,Tunisia,0.7520560374800622,0.23847901500821764,0.00946494751172025,0.7356777787208557,0.2544862627983093,0.00983592588454485,0.7520560374800622,0.2384790150082176,0.009464947511720204,0.6744193525267996,0.2311568495103505,0.09442379796284982,0.9645197417059477,0.035480258294052325,0.8909115303858677,2.3073444719856306,0.534797913547254,0.0,5.0,5.0,0.0,0.0,8.192307692307693,10.0,4.75,6.5,-1.4090909090909065,1.8962021214572253,0.3846153846153868,1.7292546577443026,0.277580976465277,0.14680592383321844,1.8582109805849498,1.8448692945420033
13,H,Spain,Cabo Verde,0.9503030303030302,0.04,0.00969696969696976,0.9392919540405273,0.05875032767653465,0.0019577606581151485,0.9608076554111871,0.02938818483971913,0.009804159749093747,0.9678684371811964,0.029310272859405646,0.0028212899593978605,0.9898286848778886,0.010171315122111446,0.9881413643714583,3.6396549526090514,0.19822844341043083,0.0,5.0,5.0,0.0,0.0,16.807692307692307,14.875,16.625,15.125,8.75,3.169110810352766,0.1923076923076934,2.639266768823493,0.3168386567432364,-0.12413960141121816,2.307080623229524,3.36545694411572
14,G,Belgium,Egypt,0.8396025066320023,0.15100779783174678,0.009389695536250884,0.832961916923523,0.1631765216588974,0.0038615455850958824,0.8396025066320023,0.15100779783174678,0.009389695536250872,0.7762848628501468,0.17202843490725703,0.05168670224259638,0.9806050960943125,0.019394903905687544,0.93374376348045,2.5005354483906297,0.4756502108606073,0.0,5.0,5.0,0.0,0.0,10.092307692307699,7.150000000000006,6.833333333333329,7.375,8.900000000000006,1.5674349846790179,-0.43076923076922924,1.4492574767583086,-0.017910926566530705,0.30652516025326015,2.7907916453795742,3.212519029525162
15,H,Saudi Arabia,Uruguay,0.4253024980093798,0.46,0.11469750199062022,0.499793142080307,0.4815857410430908,0.018621109426021576,0.39668224387007883,0.4963386937710431,0.10697906235887808,0.2911324521026296,0.33649097408028056,0.3723765738170899,0.7734614333108227,0.22653856668917727,0.7568672506553107,1.2958385153335685,1.3120440094284151,0.0,5.0,5.0,0.0,0.0,-7.538461538461547,-5.875,-7.0,-8.75,-9.75,-1.7386214619057583,-1.3076923076923102,-4.1322353159392335,-2.860355861955899,-2.7687232361742034,-5.000233811193084,-3.4729215624606007
16,G,IR Iran,New Zealand,0.8474022150394387,0.1428402383547141,0.009757546605847314,0.8579941391944885,0.13980726897716522,0.002198528964072466,0.8474022150394387,0.1428402383547141,0.009757546605847262,0.8409432686279666,0.12759922544863336,0.031457505923400075,0.980337471131141,0.019662528868858997,0.9306569186869118,2.597323842114252,0.5677380620533894,0.0,5.0,5.0,0.0,0.0,3.6538461538461604,5.708333333333329,1.1666666666666714,-0.375,6.625,-0.9435863077807554,2.73076923076923,-0.21426446434531599,0.2651274604781877,-0.2092006453451969,0.7947981844046019,-0.35417181372061446
17,I,France,Senegal,0.8141991175283956,0.17635813234902803,0.009442750122576438,0.8122073411941528,0.18471133708953857,0.00308141834102571,0.8141991175283956,0.17635813234902803,0.009442750122576433,0.7909144619607592,0.1621045186990371,0.046981019340203795,0.980278096587453,0.01972190341254698,0.9417143221406585,2.5158955771025777,0.44843031365989783,0.0,5.0,5.0,0.0,0.0,7.807692307692307,8.125,7.5,9.0,7.75,1.5629178943714557,-0.3076923076923066,1.1347722687676232,0.4252773048281213,-0.0016820861829840439,0.8579063914987657,2.2773787615161973
18,I,Iraq,Norway,0.47974258229834044,0.40332307593018824,0.11693434177147133,0.5943164825439453,0.400648295879364,0.0050352755934000015,0.47974258229834044,0.40332307593018824,0.11693434177147138,0.3672135584134216,0.32855286752805035,0.304233574058528,0.7965965072649508,0.2034034927350492,0.7856082229757047,1.3018776841073432,1.3364629172564833,0.0,5.0,5.0,0.0,0.0,-11.379120879120876,-14.035714285714292,-12.625,-8.375,-3.2386363636363598,-3.219743853597283,-3.928571428571427,-3.0154499818753884,-0.9999020794343236,-0.46221060349363974,-2.7891826151659664,-2.393690641516339
19,J,Argentina,Algeria,0.8923558847594907,0.09808855160183778,0.009555563638671485,0.8933902978897095,0.10501547157764435,0.001594242756254971,0.8923558847594907,0.09808855160183778,0.0095555636386715,0.8753680769864108,0.10303381897996686,0.0215981040336222,0.9869610403146638,0.013038959685336193,0.9644872312845996,2.780545117355187,0.4508229708295347,0.0,5.0,5.0,0.0,0.0,6.076923076923066,6.125,4.625,6.5,0.875,1.1524067679035852,1.1538461538461569,1.013485214223543,-0.12211875009784556,0.20143595281726956,1.106864987414312,1.4268514198855158
20,J,Austria,Jordan,0.8046895895811901,0.1858792453919719,0.009431165026838028,0.7962804436683655,0.1997745782136917,0.00394495390355587,0.8046895895811901,0.1858792453919719,0.00943116502683807,0.7614203133962012,0.1812578714497624,0.05732181515403631,0.9761440471299028,0.02385595287009723,0.9223969958946142,2.420741245492806,0.4375784876000708,0.0,5.0,5.0,0.0,0.0,6.512820512820511,7.125,4.375,3.875,1.1666666666666714,3.2984487357570274,2.666666666666668,3.585731199531935,1.2079163859573079,2.651227865235513,3.535842182173486,3.8679061150110385
21,K,Portugal,Congo DR,0.8932611830417543,0.09739558945074453,0.009343227507501132,0.8881369233131409,0.10999561101198196,0.0018674418097361922,0.8932611830417544,0.09739558945074453,0.00934322750750119,0.8818980908749283,0.09791987087597037,0.020182038249101218,0.9869610541922308,0.013038945807769209,0.9620545620072761,2.8357705516173746,0.381650343297406,0.0,5.0,5.0,0.0,0.0,9.807692307692307,6.375,11.125,8.375,9.625,1.9225715397379162,0.5769230769230766,0.5778001989878341,0.5560734533775848,-0.4152009290982459,0.17316567674214767,1.5177201731800611
22,L,England,Croatia,0.7371906575151677,0.25321735324437655,0.00959198924045576,0.751246452331543,0.2444111555814743,0.004342356696724892,0.7371906575151677,0.25321735324437655,0.009591989240455824,0.6561613579468074,0.24932677307536016,0.0945118689778325,0.9686132098297525,0.03138679017024748,0.9139284861383185,2.2432440079205063,0.6346555356112018,0.0,5.0,5.0,0.0,0.0,5.230769230769226,7.375,4.75,5.5,4.0,1.2378615401583772,-1.73076923076923,1.5267461946774894,0.19216716340116857,0.2674793651342613,1.7228459607541176,1.6354093830069578
23,L,Ghana,Panama,0.5700676023096163,0.4205288178390829,0.009403579851300888,0.5443289279937744,0.4508107602596283,0.004860300570726395,0.5700676023096164,0.42052881783908286,0.009403579851300874,0.44849218417861636,0.3179336559178411,0.23357415990354244,0.9230875525139737,0.07691244748602633,0.839466726723689,1.8707509847560764,0.7234852015366233,0.0,5.0,5.0,0.0,0.0,8.725641025641025,13.0,12.25,11.785714285714292,-4.666666666666671,2.375014888257315,0.3974358974358978,2.8162637588804174,0.2276178317091304,0.8314470238065059,3.475350971171327,2.8008319345531763
24,K,Uzbekistan,Colombia,0.4401577245084707,0.46,0.09984227549152934,0.48532482981681824,0.49002400040626526,0.024651147425174713,0.408174374554742,0.49923822760193576,0.09258739784332234,0.3396057337041017,0.33674753512191025,0.32364673117398807,0.7967697873599413,0.2032302126400587,0.7752436148945014,1.362043652735382,1.2399709901811748,0.0,5.0,5.0,0.0,0.0,-8.215384615384608,-10.75,-11.916666666666671,-5.375,-2.2249999999999943,-2.409526328819137,-6.323076923076922,-2.152172716363136,0.24221021390347452,-1.5700353645680716,-3.455430561027889,-3.0690635466395406
25,A,Czechia,South Africa,0.8147049794117787,0.17588962072426612,0.009405399863955185,0.8076825737953186,0.18998953700065613,0.002327931812033057,0.8147049794117787,0.17588962072426612,0.009405399863955216,0.7559486507843476,0.184295832284792,0.05975551693086035,0.9775327869636657,0.022467213036334255,0.9257385790099835,2.4894111379586517,0.4277431799159467,-0.008667134272712266,6.5,6.791666666666667,2364.139629472349,2143.732889742877,10.442307692307693,11.535714285714292,8.875,7.583333333333329,5.693181818181813,2.312680948579967,3.1586538461538467,1.9130354098043156,1.3998736192462715,0.510437198824226,2.009122772890569,1.9819165215459575
26,B,Switzerland,Bosnia and Herzegovina,0.8385825638410181,0.15204607609484969,0.00937136006413217,0.8372029662132263,0.15839262306690216,0.004404402803629637,0.838582563841018,0.15204607609484969,0.009371360064132165,0.80819211370184,0.1557882018218589,0.03601968447630104,0.9849641807460792,0.015035819253920835,0.9627451142753922,2.3566566767586536,0.43461620361533126,0.015439434488093276,5.0,6.125,543.6625393803009,3494.5074440097783,5.15384615384616,1.125,5.25,4.75,13.625,1.140550971995605,0.1923076923076934,0.8192984625299466,0.1986924554500451,0.3692701158714202,1.0492543106724703,1.2372309955626948
27,B,Canada,Qatar,0.8901014324473314,0.1018863121496286,0.00801225540303994,0.8742234110832214,0.12270204722881317,0.003074540989473462,0.8901014324473315,0.1018863121496286,0.00801225540303995,0.8670121154210787,0.10936592296355803,0.023621961615363177,0.9884657264443117,0.011534273555688257,0.9654318811002222,2.604746133821278,0.44013089730802346,0.0960534256913462,6.25,5.125,3345.6924525673835,1288.7366730054214,4.346153846153854,4.25,2.0,7.375,2.625,19.098841187279486,-1.6153846153846168,2.6629506523819373,0.07776896837157832,0.6215219683022433,3.657929881136031,0.5092048778682567
28,A,Mexico,Korea Republic,0.7403799285441361,0.2513352923398742,0.008284779115989765,0.719756007194519,0.2738974988460541,0.006346513982862234,0.740379928544136,0.2513352923398741,0.008284779115989837,0.6997472616945073,0.21828675247999987,0.08196598582549265,0.9686303369897665,0.03136966301023347,0.9081510452458594,2.209497779930353,0.7079673110315928,0.0999299288115735,7.25,6.958333333333333,459.15368502576496,0.0,1.8076923076923066,2.5,1.125,2.25,-2.589285714285708,-0.39353874022914326,-1.6538461538461533,0.42270140876075146,-0.0610358905863686,-0.1324106931908524,0.30076392669164065,1.1449383116094518
29,D,USA,Australia,0.7534451837045015,0.2386091768516938,0.007945639443804662,0.7210705280303955,0.27261418104171753,0.00631524994969368,0.7534451837045014,0.2386091768516938,0.007945639443804636,0.634702089912975,0.25145001724030247,0.11384789284672246,0.9645946844181008,0.03540531558189919,0.8849177701360501,2.148191695354557,0.6776506644293219,0.10536800607576965,6.75,5.625,1537.1251042836814,204.63668795465372,5.84615384615384,6.75,8.375,6.375,3.125,1.9003760118418391,-2.9230769230769234,1.8909280029909326,0.5120031334693103,-0.04211148535012654,1.9764076941509643,1.4210187757720272
30,C,Scotland,Morocco,0.5517546577431085,0.4156989792750837,0.03254636298180779,0.5827355980873108,0.409285306930542,0.00797908566892147,0.5517546577431085,0.4156989792750837,0.03254636298180781,0.5242108454003576,0.30272465982849234,0.17306449477115018,0.9000548222371115,0.09994517776288847,0.8378662971494084,1.7562661586965977,0.9208698297203848,-0.0025,5.875,6.0,0.0,0.0,-2.92307692307692,-5.25,-0.5,-3.125,-4.400000000000006,-0.6635046310007588,1.0769230769230766,-0.22522712608842,0.14672419610908616,0.1771876988001031,-0.15914012207237604,0.20966570792347738
31,C,Brazil,Haiti,0.9230812316142221,0.0676543391900337,0.009264429195744205,0.9075804352760315,0.0909099355340004,0.0015095500275492668,0.9230812316142222,0.0676543391900337,0.009264429195744201,0.9264741832930181,0.06365581993035463,0.009869996776627242,0.9892250512151122,0.010774948784887828,0.9776729828828765,3.224443045781471,0.27968590296970497,0.008283755516016789,6.125,6.0,0.0,449.8476512457503,17.120879120879124,16.0,16.25,18.875,12.625,4.1574026475408274,-0.3241758241758248,2.9348893121972175,0.018200704646846866,1.7085819627491468,3.7835120546732632,4.143285886546004
32,D,Türkiye,Paraguay,0.7040627825449381,0.28572829524450016,0.010208922210561591,0.7042842507362366,0.29145005345344543,0.004265674855560064,0.7040627825449383,0.2857282952445002,0.010208922210561544,0.6251756447836831,0.2584747572584411,0.1163495979578759,0.9624321413634269,0.03756785863657308,0.9042484175303671,2.009147059998679,0.6040598743357322,-0.03207952457518012,6.0,7.125,1288.7366730054214,543.6625393803009,4.230769230769226,4.25,5.875,3.25,8.25,1.3596958909910803,-2.3076923076923066,0.8587593005845235,0.8052819341909201,0.5152504097463462,1.1292242457708817,3.0044124403852575
33,F,Netherlands,Sweden,0.8117669713892178,0.17876896259642513,0.00946406601435698,0.8182968497276306,0.1789345145225525,0.0027686292305588722,0.8117669713892177,0.17876896259642513,0.009464066014357026,0.7578914973259626,0.1901046013000379,0.05200390137399939,0.9828103863433307,0.017189613656669267,0.9567847375175923,2.3327871064814936,0.6101954741024793,0.009701803349260543,5.875,5.583333333333333,361.6301746274515,662.5111758662339,5.038461538461533,1.25,6.0,7.875,5.25,0.5669537278659327,1.1153846153846132,0.577180286952597,0.19116558159040764,0.1530511744938412,0.6472731399883713,0.6673134717645661
34,E,Germany,Côte d'Ivoire,0.8415411543021429,0.148611620678201,0.009847225019656099,0.8408673405647278,0.15594661235809326,0.0031860254239290953,0.8415411543021428,0.148611620678201,0.009847225019656122,0.8190205097094009,0.14381928774955677,0.03716020254104233,0.9826563852753921,0.01734361472460788,0.9495571768160429,2.6535846806187795,0.4938336021242758,-0.01514807823669139,6.083333333333333,5.875,2059.6824410956074,557.424504167759,6.461538461538467,5.625,6.625,5.5,8.5,1.0169506308918095,2.73076923076923,0.29320186536279635,0.41040338974874757,0.2094406261478845,0.6072919830695902,1.7761534030119037
35,E,Ecuador,Curaçao,0.9098146672607517,0.08054727179436298,0.009638060944885417,0.8957501649856567,0.10179257392883301,0.002457231283187866,0.9098146672607516,0.08054727179436298,0.00963806094488541,0.9447990465450625,0.04861683494075141,0.006584118514186205,0.9887166375730908,0.011283362426909194,0.9795734672898133,3.076181367684015,0.418408254279126,-0.012267145256167657,6.083333333333333,6.291666666666667,1666.5320280640094,1036.4948044361556,9.043589743589749,8.475000000000001,8.75,10.92857142857143,7.25,2.7275500698822057,4.8948717948717935,0.5882561185793733,-0.025519726208095506,0.6788235282066353,-0.49540090128691006,0.3499859557879361
36,F,Tunisia,Japan,0.46731793456714726,0.4582724149819318,0.07440965045092104,0.5408076047897339,0.4526014029979706,0.006591042969375849,0.4673179345671472,0.4582724149819318,0.07440965045092102,0.4318521135818282,0.32398300665448915,0.24416487976368262,0.8303506525848461,0.16964934741515392,0.7921766751594946,1.465014291966444,1.1997945601637696,0.005039649447739679,6.083333333333333,6.375,0.0,845.6764385279015,-7.769230769230759,-8.125,-6.25,-6.625,5.1590909090909065,-1.4491522340100929,-1.4615384615384635,-1.2348321177807158,-0.5385776525590238,-0.42749243042645446,-1.0761826164921722,-1.7243886581129715
37,H,Spain,Saudi Arabia,0.938732101239011,0.05201539250888691,0.009252506252102204,0.9269408583641052,0.07140983641147614,0.001649355166591704,0.938732101239011,0.05201539250888691,0.009252506252102161,0.9555829344826008,0.039844244216084145,0.0045728213013150705,0.9899777629130266,0.010022237086973362,0.9852018643377586,3.450105007573314,0.22687732663814603,0.017334098319072826,6.0,5.75,0.0,959.3187581501088,13.807692307692307,13.375,12.75,12.625,19.25,2.847708831351156,-0.9615384615384599,5.4507242453428155,2.705897347741109,2.653068066684857,6.270680733976427,6.297675811947386
38,G,Belgium,IR Iran,0.7737477933911611,0.21670605839325016,0.009546148215588749,0.7616782188415527,0.2320517897605896,0.006270023062825203,0.7737477933911612,0.21670605839325016,0.009546148215588692,0.736464346704061,0.19702895864474776,0.06650669465119115,0.9722508176396646,0.02774918236033541,0.9160012678938855,2.421419071310022,0.5386171952609939,-0.014763037055075902,6.0,5.75,1537.1251042836814,0.0,9.692307692307693,7.416666666666671,11.833333333333329,9.625,11.5,3.460519804536478,-2.73076923076923,2.9403596932660463,0.09470795154161848,0.18392283816092814,2.744976005206432,3.4456129116925407
39,H,Uruguay,Cabo Verde,0.9016623602646332,0.08917260367361154,0.009165036061755177,0.8886152505874634,0.10874020308256149,0.002644551219418645,0.9016623602646332,0.08917260367361154,0.009165036061755267,0.9036821622899146,0.0816948500746041,0.014622987635481505,0.9880503194428478,0.011949680557152176,0.9687724213415458,2.9018456491027336,0.26887971783893105,0.007334098319072827,6.0,6.25,0.0,959.3187581501088,10.538461538461547,7.375,10.875,11.25,-0.75,2.0600234409073686,2.4615384615384635,1.320777839419911,0.47129717095802626,-0.00848443192187176,1.0366337004461812,0.5407026946289353
40,G,New Zealand,Egypt,0.5490272332964679,0.3429983284922598,0.10797443821127241,0.6201838850975037,0.3030370771884918,0.07677901536226273,0.5490272332964679,0.3429983284922598,0.10797443821127244,0.5092286882121968,0.3097728297570462,0.1809984820307569,0.8225078783363541,0.17749212166364592,0.7973235503567699,1.6463218141251887,1.0267685768559878,-0.024756195474166135,6.0,6.25,1741.2296692786865,204.63668795465372,-3.2538461538461547,-5.974999999999994,-6.166666666666671,-1.875,-9.224999999999994,-0.9494985120767048,-0.43076923076922924,-1.2768377521624217,-0.3777463385863369,0.3318029674375289,-0.7489825442314597,0.12107793155323598
41,J,Argentina,Austria,0.8304172606919573,0.16041255407791763,0.009170185230125038,0.8389955163002014,0.15816356241703033,0.0028408183716237545,0.8304172606919574,0.16041255407791763,0.009170185230124998,0.8145787781349847,0.14725466148899147,0.03816656037602368,0.984832086326614,0.015167913673385991,0.9626106044022735,2.5411541340023636,0.522178209242508,0.024874473348061414,5.666666666666667,5.458333333333333,741.3922008206742,2351.9993871513757,5.384615384615387,8.75,5.0,1.25,8.375,1.1264932825364369,0.5384615384615401,1.2997851155313853,-0.43029396976203405,0.15817483012698386,1.2952607296998728,1.2412240749570618
42,I,France,Iraq,0.8799766078776567,0.11119157895316294,0.00883181316918036,0.8223860263824463,0.17458166182041168,0.0030323185492306948,0.8799766078776567,0.11119157895316294,0.008831813169180356,0.9116036492720987,0.0754877964289881,0.012908554298913195,0.9884473641804729,0.011552635819527146,0.975530317349905,3.174384024964308,0.24748164037276643,0.008283755516016789,6.083333333333333,5.958333333333333,0.0,449.8476512457503,19.41758241758241,21.660714285714292,19.625,17.0,12.61363636363636,4.374334238608661,3.1208791208791204,4.01790283271318,1.0037371752182658,0.6374863334543921,3.71078194280474,4.927365161663647
43,I,Norway,Senegal,0.6607795190924665,0.32921212847915987,0.01000835242837372,0.6617518663406372,0.330353707075119,0.007894454523921013,0.6607795190924665,0.32921212847915987,0.010008352428373743,0.6493006052265903,0.24331366483070543,0.10738572994270427,0.952902067754722,0.04709793224527803,0.8873383553994665,2.0250948402274487,0.7035668087747171,-0.0025,6.083333333333333,6.208333333333333,0.0,0.0,-0.2307692307692264,0.5,0.5,0.375,-1.625,0.40832750936007756,0.5,0.13231941792983193,0.4214422090441792,-0.1769578161437364,-0.06369293614000782,-0.25629575863111054
44,J,Jordan,Algeria,0.5325853289621247,0.39601947606035054,0.0713951949775246,0.5941336750984192,0.39839473366737366,0.0074715930968523026,0.5325853289621246,0.39601947606035065,0.07139519497752461,0.5483754001150348,0.2936955436027564,0.1579290562822087,0.8621155367054794,0.13788446329452064,0.8321060646349036,1.5697522162748299,1.037221143012293,0.026775793278994053,5.958333333333333,6.166666666666667,0.0,2406.6357735513902,-5.820512820512832,-9.75,-4.75,1.375,-8.666666666666671,-3.272535250389879,-2.051282051282051,-3.872031100839777,-0.8997411662931194,-2.6079667425452273,-3.7242379244590467,-3.6822787700825845
45,K,Portugal,Uzbekistan,0.8869270123670122,0.10433847853250036,0.00873450910048726,0.8698846101760864,0.12825240194797516,0.0018629520200192928,0.8869270123670123,0.10433847853250039,0.008734509100487228,0.8435854585843665,0.12567855272604578,0.030735988689587677,0.9852410951523752,0.014758904847624765,0.9422610351246328,2.7913202436580944,0.3584938009016326,0.02417907718126515,6.0,5.583333333333333,0.0,1232.4467437280296,13.369230769230768,12.875,18.04166666666667,9.625,7.224999999999994,3.54309531725378,3.8999999999999986,3.155143093676923,0.5900603620589937,1.284714568301971,4.801905150951587,4.972527005447597
46,L,England,Ghana,0.9028948548053364,0.08731517434492472,0.009789970849738917,0.8880484700202942,0.11005578935146332,0.0018957114079967141,0.9028948548053364,0.08731517434492472,0.009789970849738927,0.9362106812147638,0.05581935581395567,0.007969962971280203,0.9884664830322166,0.011533516967783375,0.9800315794920491,3.2223738843428658,0.36726589559115586,-0.021398015711064027,5.958333333333333,5.875,2508.965354303708,715.0456138135435,8.42307692307692,8.25,7.375,5.625,11.916666666666671,1.7707989629891259,-0.1153846153846132,1.1700712514713558,0.3432519236065916,-0.29884403511715174,1.2799819147927174,2.11564529357843
47,L,Panama,Croatia,0.42132363636565473,0.4599999999999999,0.1186763636343452,0.5004883408546448,0.48957255482673645,0.009939146228134632,0.4033248929786973,0.4830685406420492,0.11360656637925354,0.39785181007589454,0.33379261146208306,0.2683555784620224,0.7809806573753103,0.2190193426246897,0.7818630891514253,1.26651537703549,1.303459435103105,0.023131683285935387,6.0,6.083333333333333,0.0,1928.7605518690482,-11.917948717948718,-13.875,-14.875,-11.910714285714292,-3.25,-2.9079523110880636,-2.0128205128205146,-2.459588815674284,-0.37870259191455347,-0.2651236235550929,-3.032486925209927,-3.281067845124648
48,K,Colombia,Congo DR,0.9049762312924613,0.08538572034086662,0.009638048366672014,0.9085403084754944,0.08984312415122986,0.0016166211571544409,0.9049762312924612,0.08538572034086662,0.00963804836667206,0.8894188883997147,0.09213416893732078,0.018446942662964646,0.9872513613606179,0.012748638639382137,0.9635701349090656,2.7185285587372956,0.447870402777506,0.0027666165610232066,6.0,6.416666666666667,459.15368502576496,1322.4831212534964,4.653846153846146,4.25,5.0,4.125,4.625,0.7890025513032732,3.0,-0.4251701783259527,-0.2761971225848834,-0.12988013283214528,-1.1733089131815504,-0.38574328562799565
49,B,Switzerland,Canada,0.7489152736426005,0.23912184879882095,0.011962877558578605,0.7803637981414795,0.21266688406467438,0.006969346199184656,0.7489152736426005,0.23912184879882095,0.011962877558578631,0.7172295120025758,0.20774952851380027,0.0750209594836238,0.9654813540068545,0.03451864599314547,0.9056724906240435,2.189850122134401,0.5485535027860031,-0.11988723860501169,6.0,5.875,1741.2296692786865,0.0,5.192307692307693,2.25,4.25,1.25,10.25,0.6061011949961674,1.1538461538461533,0.23578930981103952,0.18192559559297816,0.46746907958163586,0.6751215697820285,1.3965818951170608
50,B,Bosnia and Herzegovina,Qatar,0.7658254845650749,0.22403343029230569,0.010141085142619471,0.752703070640564,0.21318231523036957,0.03411461412906647,0.7658254845650748,0.22403343029230566,0.010141085142619483,0.7198291057385822,0.20464204237748612,0.0755288518839317,0.9657500708899642,0.03424992911003577,0.8923872926644892,2.21246231524327,0.5812042427111836,-0.014631993924230353,6.0,5.875,1537.1251042836814,204.63668795465372,4.384615384615387,5.375,1.0,3.875,-0.75,18.56439141028005,-0.6538461538461569,2.07944149966303,0.06100210851451138,0.7197209320124589,3.283797140245589,0.6685557774226227
51,C,Scotland,Brazil,0.46184680391556004,0.46,0.07815319608443998,0.5220985412597656,0.4686184525489807,0.009282990358769894,0.4585741466901053,0.4638264525958886,0.07759940071400602,0.37462417248165575,0.33891751013830507,0.28645831738003924,0.8245836452146675,0.17541635478533246,0.7885583506502335,1.4540840689333252,1.2800852997923506,-0.002562404081373987,5.0,4.875,2027.8269916677561,1634.084452005335,-8.192307692307693,-10.0,-5.0,-7.625,-14.625,-1.6240367085754386,1.0,-1.1383676643117724,0.5581833281574609,0.04000533461369926,-1.3789638048457782,-1.6939241741774147
52,C,Morocco,Haiti,0.8950414439049077,0.09564779491051513,0.009310761184577186,0.8894165754318237,0.10859368741512299,0.0019896968733519316,0.8950414439049077,0.09564779491051513,0.009310761184577208,0.8812195523039416,0.09938779630422569,0.019392651391832657,0.9875579586053543,0.012442041394645664,0.9672623899693866,2.7749743723805125,0.39716582989535254,-0.003281411152768103,5.0,4.875,1521.0087898866072,1071.3434780046437,11.85164835164835,11.25,11.75,14.375,2.4000000000000057,3.1968705699661477,-0.40109890109890145,2.021748773973865,0.42965983669522156,1.571399598562743,2.563688371899861,2.239696004445112
53,A,Czechia,Mexico,0.5273724620982478,0.4599999999999999,0.012627537901752106,0.5821210741996765,0.40664586424827576,0.011233042925596237,0.52697228795353,0.46040975601435064,0.012617956032119298,0.4860770759384527,0.3145611891937939,0.1993617348677534,0.9133908015346721,0.08660919846532789,0.8391703031226615,1.744937870964944,0.9784932179092035,-0.11249220882255336,6.458333333333333,6.0,2143.732889742877,459.15368502576496,0.0769230769230802,-1.75,-0.75,0.375,5.589285714285708,0.7017945434298696,0.6923076923076934,-0.22103606793089625,0.19044696423787144,-0.2629020434532938,-0.6868111684889939,-0.9909908631618185
54,A,South Africa,Korea Republic,0.4310816425657187,0.46,0.10891835743428137,0.48939260840415955,0.4832555949687958,0.02735181897878647,0.4064974042989379,0.49079576431287675,0.10270683138818547,0.41880850736812864,0.3261486904143771,0.2550428022174945,0.7825725087008784,0.21742749129912164,0.7641105785546948,1.3787352778725779,1.2946363161247754,-0.004661163509108755,6.458333333333333,6.0,1745.47065592772,669.9727533674097,-8.557692307692307,-10.785714285714292,-8.5,-4.958333333333329,-2.693181818181813,-2.0044251453792405,-4.120192307692307,-1.7113700689744604,-1.2704625455947687,-0.9057499354683722,-2.3951700146879222,-1.8279690730983242
55,E,Curaçao,Côte d'Ivoire,0.3470376510666339,0.45742982060442827,0.1955325283289379,0.4543287754058838,0.456695556640625,0.08897571265697479,0.34703765106663387,0.4574298206044282,0.1955325283289379,0.39171880462602565,0.34140356110198955,0.2668776342719847,0.6279070712633805,0.3720929287366195,0.6140164185745864,1.3306400081083873,1.3370355966035667,-0.018426620545332735,4.791666666666667,5.0,1666.5320280640094,557.424504167759,-12.582051282051282,-14.350000000000001,-10.375,-13.30357142857143,-13.0,-2.971152247923964,-3.125641025641027,-1.457398047279927,-0.24093705962840328,-0.7050520830662643,-1.7259884527401361,-2.0529019864452236
56,E,Ecuador,Germany,0.5601474579610215,0.3435267936817228,0.0963257483572556,0.6479160785675049,0.3339179456233978,0.01816597767174244,0.5601474579610215,0.34352679368172284,0.09632574835725564,0.608403578096742,0.26511891645555613,0.126477505447702,0.8511857199547623,0.14881428004523767,0.8472068768626748,1.612829498766898,1.1543314756566987,-0.0041666666666666605,4.791666666666667,5.0,0.0,0.0,-10.0,-11.5,-8.25,-7.875,-14.25,-1.2605528089335678,-0.9615384615384635,-1.16234379406335,-0.6768601755852464,-0.23566918100751355,-2.8286813370966364,-3.479069433669191
57,F,Japan,Sweden,0.7726200073790572,0.21709135018977305,0.010288642431169663,0.8069473505020142,0.1903122067451477,0.0027404052671045065,0.7726200073790572,0.21709135018977305,0.010288642431169684,0.734781502526529,0.20149674496136308,0.06372175251210825,0.9799987683650169,0.02000123163498313,0.9552603583914191,2.1814282361857136,0.7320866830369156,-0.01622345196443436,4.75,5.25,845.6764385279015,361.6301746274515,-0.423076923076934,-1.875,1.5,0.125,-3.75,-0.4470498874471325,1.0769230769230766,-0.49442253996358687,0.26099667609374677,0.280686506593236,-0.7820283640927777,-0.12048063642903184
58,F,Tunisia,Netherlands,0.4096995326064805,0.46,0.13030046739351953,0.5381330251693726,0.4533426761627197,0.008524267002940178,0.40810730703789294,0.4620986155428768,0.12979407741923035,0.3157947320483798,0.3337642381789937,0.35044102977262653,0.7580098441658355,0.2419901558341645,0.7571963294768587,1.2272494842418886,1.46863885358478,-0.017053999296471625,4.75,5.25,1585.1391941617264,1036.4948044361556,-13.230769230769226,-11.25,-10.75,-14.375,-3.8409090909090935,-2.463155849323158,-1.5,-2.3064349446968997,-0.46874655805568466,-0.29985709832705965,-2.505484120573321,-2.5121827663065694
59,D,Türkiye,USA,0.7278711512081372,0.26045577801827247,0.011673070773590364,0.7748812437057495,0.21755872666835785,0.007559997495263815,0.7278711512081371,0.26045577801827247,0.011673070773590408,0.7292502303382811,0.1990135346738426,0.07173623498787629,0.9650553119727701,0.03494468802722994,0.9106504089457866,2.1519641467515758,0.6633659623350743,-0.09472690987981369,5.916666666666667,6.291666666666667,543.6625393803009,1537.1251042836814,1.2307692307692264,1.25,0.625,0.0,4.5,0.17641767527223706,1.53846153846154,-0.16507974998783936,-0.15429779273668132,-0.1031063212404506,-0.4653815307999096,0.3671882918516598
60,D,Paraguay,Australia,0.6950661523955929,0.2952846739927434,0.009649173611663724,0.7043089866638184,0.2887152433395386,0.006975814700126648,0.695066152395593,0.2952846739927434,0.009649173611663729,0.7035234125620987,0.21214341816207394,0.08433316927582735,0.9581636850864907,0.041836314913509254,0.8909962346957552,2.1364875515808355,0.7481651464881012,0.006552070523943538,5.916666666666667,6.291666666666667,0.0,1092.938818528942,2.8461538461538396,3.75,3.125,3.125,-0.625,0.7170977961229958,0.9230769230769234,0.8670889524185696,-0.44757659345829115,-0.6604682163369233,0.381801917580173,-1.2162053727615705
61,I,Norway,France,0.44304323548322816,0.46,0.09695676451677188,0.4825565814971924,0.4892006814479828,0.02824276126921177,0.41679297535768695,0.49199493713594666,0.0912120875063665,0.38977745542749836,0.35186885127509304,0.2583536932974085,0.7944180316067317,0.20558196839326826,0.7638582524423989,1.3543435738018925,1.1539439098350777,0.003283755516016789,3.7916666666666665,3.9166666666666665,0.0,449.8476512457503,-8.038461538461533,-7.625,-7.0,-8.625,-9.375,-1.1545903850113781,0.8076923076923066,-1.0024528508377912,-0.003835095783942144,-0.17527572996075236,-0.9215993276387735,-2.533674520147308
62,I,Senegal,Iraq,0.8630605835167499,0.12783361358196355,0.00910580290128657,0.8464598059654236,0.15069881081581116,0.002841387642547488,0.86306058351675,0.12783361358196355,0.00910580290128662,0.8153339432108433,0.14658455334282064,0.03808150344633597,0.9843529714521284,0.01564702854787159,0.9488301592726949,2.6076157212682243,0.37684188751973646,0.0046668864821569,3.7916666666666665,3.9166666666666665,0.0,557.424504167759,11.609890109890102,13.535714285714292,12.125,8.0,4.86363636363636,2.8114163442372053,3.428571428571427,2.8831305639455564,0.5784598703901445,0.6391684196373761,2.8528755513059743,2.6499864001474496
63,H,Cabo Verde,Saudi Arabia,0.6398597066684533,0.3453303692065265,0.014809924125020229,0.6561935544013977,0.3332262337207794,0.010580119676887989,0.6398597066684534,0.3453303692065265,0.014809924125020206,0.5860936026638527,0.2766848147128234,0.13722158262332396,0.9410883963268721,0.058911603673127866,0.8722913375691774,1.7807982144052277,0.8313848035104991,-0.010686580625936585,5.125,5.375,1549.35955337738,1107.069949137868,-3.0,-1.5,-3.875,-2.5,10.5,-0.32140197900161027,-1.1538461538461533,2.8114574765193225,2.3890586909978726,2.777207668096075,3.9636001107469028,2.9322188678316654
64,H,Uruguay,Spain,0.46773948108612673,0.46,0.07226051891387328,0.5243496894836426,0.46714454889297485,0.008505777455866337,0.439963395533699,0.4920671801394271,0.06796942432687388,0.3586059720804712,0.33588087954897833,0.3055131483705505,0.8321890049917768,0.16781099500822316,0.7922815737079351,1.4350012088513329,1.2794002045940318,-0.0057460009249880135,5.166666666666667,5.416666666666667,2422.1619236380834,2364.139629472349,-6.269230769230759,-7.5,-5.75,-3.875,-9.5,-1.1090873694453975,2.26923076923077,-1.318488929403582,0.15445851421478984,0.1156551694893464,-1.2704469227833428,-2.8247542494867846
65,G,Egypt,IR Iran,0.5941656243554179,0.3961424920878105,0.009691883556771636,0.5951218008995056,0.3976486027240753,0.00722952326759696,0.5941656243554179,0.3961424920878105,0.009691883556771697,0.5922103678100566,0.2676461750552132,0.14014345713473014,0.9391684253153342,0.06083157468466582,0.8709058176052511,1.9838789783766173,0.8910916562336775,0.012131993924230353,5.083333333333333,5.333333333333333,204.63668795465372,1537.1251042836814,-0.4000000000000057,0.2666666666666657,5.0,2.25,2.5999999999999943,1.8930848198574601,-2.3000000000000007,1.4911022165077377,0.11261887810814919,-0.12260232209233202,-0.045815640173142214,0.23309388216737847
66,G,New Zealand,Belgium,0.30662640413231784,0.46,0.23337359586768222,0.36242929100990295,0.587705671787262,0.049865078181028366,0.21910869679369402,0.6141275028045629,0.1667638004017431,0.2931405759481632,0.33451553726113076,0.372343886790706,0.6069986840741756,0.39300131592582443,0.652983217264908,1.0924471038506687,1.556851376900467,0.017387238605011682,5.083333333333333,5.333333333333333,0.0,1741.2296692786865,-13.346153846153854,-13.125,-13.0,-9.25,-18.125,-2.5169334967557226,0.0,-2.7260952289207303,-0.3598354120198062,0.025277807184268752,-3.539774189611034,-3.0914410979719262
67,L,Panama,England,0.33446824680134096,0.46,0.20553175319865905,0.45866334438323975,0.5017932057380676,0.039543453603982925,0.3199132693571907,0.4834990552765669,0.19658767536624236,0.3033806878347216,0.336385790161404,0.3602335220038743,0.6565224963695094,0.34347750363049057,0.7001179338438445,1.0038720219727175,1.6740529909132162,-0.0025000000000000087,3.9166666666666665,4.041666666666667,0.0,0.0,-17.148717948717945,-21.25,-19.625,-17.410714285714292,-7.25,-4.145813851246441,-0.2820512820512846,-3.986335010351773,-0.570869755315722,-0.5326029886893542,-4.7553328859640445,-4.9164772281316065
68,L,Croatia,Ghana,0.8765710454481265,0.11357975745543228,0.009849197096441288,0.8728406429290771,0.12208090722560883,0.005078417249023914,0.8765710454481265,0.11357975745543228,0.009849197096441236,0.8964755679562679,0.08753320031384561,0.01599123172988631,0.9868046344019401,0.013195365598059894,0.9705390416691843,2.7747031069046186,0.4952533870739717,-0.0038831309661401204,3.9166666666666665,4.041666666666667,557.424504167759,449.8476512457503,3.1923076923076934,0.875,2.625,0.125,7.916666666666671,0.5329374228307486,1.6153846153846168,-0.3566749432061336,0.15108476020542305,-0.566323400251413,-0.44286404596140017,0.48023591057147197
69,K,Colombia,Portugal,0.6165041797655793,0.3279172032575144,0.05557861697690644,0.6917226910591125,0.302143394947052,0.0061339507810771465,0.6165041797655793,0.32791720325751433,0.055578616976906484,0.6006530076875864,0.2690307086356786,0.1303162836767351,0.9032315509687265,0.09676844903127346,0.8743895360011944,1.760172199421588,0.9456137322753388,-0.019555078093828098,3.8125,4.229166666666667,2422.1619236380834,1549.35955337738,-5.15384615384616,-2.125,-6.125,-4.25,-5.0,-1.133568988434643,2.4230769230769234,-1.0029703773137868,-0.8322705759624682,0.28532079626610063,-1.346474589923698,-1.9034634588080568
70,K,Congo DR,Uzbekistan,0.6459624515281189,0.34387478408396405,0.010162764387917063,0.6488980054855347,0.3425968289375305,0.008505173027515411,0.6459624515281188,0.34387478408396405,0.010162764387917068,0.5690467884181608,0.2818803479929396,0.14907286358889946,0.9421161335104162,0.05788386648958377,0.8612253520455437,1.964069115806347,0.7630863222391556,-0.024495657794776665,3.8125,4.229166666666667,2364.139629472349,1107.069949137868,3.5615384615384613,6.5,6.916666666666671,1.25,-2.4000000000000057,1.6205237775158636,3.323076923076922,2.577342894689089,0.033986908681408856,1.6999154974002169,4.628739474209439,3.4548068322675363
71,J,Algeria,Austria,0.6311322221639504,0.35647232604477863,0.012395451791271132,0.657350480556488,0.33605852723121643,0.0065909395925700665,0.6311322221639503,0.3564723260447786,0.012395451791271134,0.5555993607244354,0.28473138557145794,0.15966925370410678,0.9477268508763521,0.05227314912364789,0.8881324175291869,1.8673483341509454,0.8678205345457324,-0.03141027450653778,4.875,5.375,2406.6357735513902,741.3922008206742,-0.6923076923076792,2.625,0.375,-5.25,7.5,-0.025913485367148326,-0.6153846153846168,0.2862999013078422,-0.3081752196641885,-0.0432611226902857,0.18839574228556089,-0.185627344928454
72,J,Jordan,Argentina,0.33368931351951353,0.46,0.2063106864804865,0.42550578713417053,0.5184177756309509,0.05607645958662033,0.3051571091001561,0.5061728612880856,0.18867002961175836,0.20566780584709146,0.3168575787368366,0.47747461541607183,0.6413023405542806,0.3586976594457194,0.668723971814711,0.9745089799999662,1.6645984384908878,-0.04023999212051768,4.875,5.375,2351.9993871513757,0.0,-11.897435897435898,-15.875,-9.375,-5.125,-9.541666666666671,-4.424942018293464,-3.205128205128208,-4.88551631506332,-0.7776224161952738,-2.809402695362497,-4.831102911873359,-5.1091301899681
